0,1,2,3,4,5,6,7,8,9,10,11,12,13
95,5,0,103,1,750,10,201.893,87.98076209,92.906,41,1.6,652.1,146
95,5,0,103,1,800,10,211.515,89.06082311,92.906,41,1.6,652.1,146
95,5,0,103,1,750,10,201.609,85.31464369,47.867,22,1.54,658.8,147
95,5,0,103,1,700,10,171.45,92.87139108,92.906,41,1.6,652.1,146
95,5,0,103,1,800,10,205.999,60.95466483,47.867,22,1.54,658.8,147
95,5,0,103,1,700,10,175.403,94.32905937,47.867,22,1.54,658.8,147
95,5,0,103,1,750,10,190.695,79.1038045,91.224,40,1.33,640.1,160
95,5,0,103,1,750,10,199.119,79.12956574,138.905,57,1.1,538.1,169
92,8,0,101,1,725,10,199.28,92.92954637,183.84,74,2.36,770,139
92,8,0,101,1,725,10,179.58,83.86234547,92.906,41,1.6,652.1,146
92,8,0,101,1,725,10,204.53,83.65032025,24.305,12,1.31,737.7,160
95,0,5,101,1,800,10,180,56,26.982,13,1.61,577.5,118
95,0,5,101,1,800,10,190,64,47.867,22,1.54,658.8,147
95,0,5,101,1,800,10,208,74,180.94788,73,1.5,761,146
95,0,5,101,1,800,10,200,79,121.76,51,2.05,834,140
95,0,5,101,1,800,10,206,78,92.90638,41,1.6,652.1,146
95,0,5,101,1,800,10,225,83,183.84,74,2.36,770,139
95,0,5,101,1,800,10,225,85,95.95,42,2.16,684.3,139
95,0,5,101,1,700,10,220,80,26.982,13,1.61,577.5,118
95,2,3,101,1,700,10,228,93,95.95,42,2.16,684.3,139
95,0,5,101,1,700,30,215,75.34883721,26.982,13,1.61,577.5,118
95,0,5,101,1,700,60,207,69,26.982,13,1.61,577.5,118
95,0,5,101,1,700,10,232,91,95.95,42,2.16,684.3,139
95,0,5,101,1,700,30,232,88.8,95.95,42,2.16,684.3,139
95,0,5,101,1,700,60,232,87.2,95.95,42,2.16,684.3,139
95,0,5,101,1,750,10,192.5,66,26.982,13,1.61,577.5,118
95,0,5,101,1,750,10,228,89,95.95,42,2.16,684.3,139
100,0,0,101,1,770,10,228,90.30701754,183.84,74,2.36,770,139
100,0,0,101,1.5,790,10,219,93.47031963,183.84,74,2.36,770,139
100,0,0,101,2,810,10,204.8,95.5078125,183.84,74,2.36,770,139
80,10,10,100,0.03,780,12,210.9,81.03366524,24.305,12,1.31,737.7,145
80,10,10,110,1,780,15,183,97.26775956,88.90585,39,1.22,600,212
80,10,10,110,2,780,15,182,99.45054945,88.90585,39,1.22,600,212
80,10,10,110,3,780,15,177,99.43502825,88.90585,39,1.22,600,212
80,10,10,110,4,780,15,173,99.42196532,88.90585,39,1.22,600,212
90,0,10,101,2,600,10,210,91.9047619,26.982,13,1.61,577.5,118
90,0,10,101,4,600,10,207,92.60869565,26.982,13,1.61,577.5,118
90,0,10,101,6,600,10,199,94.87437186,26.982,13,1.61,577.5,118
90,0,10,101,2,720,10,217,92.16589862,26.982,13,1.61,577.5,118
90,0,10,101,4,720,10,214,85.51401869,26.982,13,1.61,577.5,118
94,4,2,101,1,680,10,218.5,90.8,180.94788,73,1.5,761,146
94,4,2,101,1,700,10,220.9,93.4,180.94788,73,1.5,761,146
94,4,2,101,1,730,10,228.5,94.8,180.94788,73,1.5,761,146
94,4,2,101,1,750,10,225.7,93.2,180.94788,73,1.5,761,146
94,4,2,101,1,780,10,223.5,92.1,180.94788,73,1.5,761,146
100,0,0,101,0.5,650,10,235.2,77.7,26.982,13,1.61,577.5,118
100,0,0,101,0.5,680,10,230,74.1,26.982,13,1.61,577.5,118
100,0,0,101,0.5,700,10,218.4,73.5,26.982,13,1.61,577.5,118
100,0,0,101,0.5,730,10,214,54.1,26.982,13,1.61,577.5,118
100,0,0,101,0.5,750,10,206.2,44.1,26.982,13,1.61,577.5,118
100,0,0,101,0.5,650,10,235.6,81.1,92.90638,41,1.6,652.1,146
100,0,0,101,0.5,680,10,227.8,81.6,92.90638,41,1.6,652.1,146
100,0,0,101,0.5,700,10,230.1,83.1,92.90638,41,1.6,652.1,146
100,0,0,101,0.5,730,10,224.6,81.4,92.90638,41,1.6,652.1,146
100,0,0,101,0.5,750,10,226,80.9,92.90638,41,1.6,652.1,146
100,0,0,101,0.5,770,10,215.4,80.7,92.90638,41,1.6,652.1,146
100,0,0,101,0.5,800,10,208.1,67.6,92.90638,41,1.6,652.1,146
100,0,0,101,0.5,650,10,235.4,84.9,180.94788,73,1.5,761,146
100,0,0,101,0.5,680,10,239.6,85.4,180.94788,73,1.5,761,146
100,0,0,101,0.5,700,10,234.8,87,180.94788,73,1.5,761,146
100,0,0,101,0.5,730,10,237.8,84.2,180.94788,73,1.5,761,146
100,0,0,101,0.5,750,10,229.1,82.5,180.94788,73,1.5,761,146
100,0,0,101,0.5,770,10,207.5,80,180.94788,73,1.5,761,146
100,0,0,101,0.5,800,10,199.8,63.9,180.94788,73,1.5,761,146
100,0,0,101,0.5,650,10,230.4,79.8,95.95,42,2.16,684.3,139
100,0,0,101,0.5,680,10,236.5,83.1,95.95,42,2.16,684.3,139
100,0,0,101,0.5,700,10,232.4,82.7,95.95,42,2.16,684.3,139
100,0,0,101,0.5,730,10,231.9,81.5,95.95,42,2.16,684.3,139
100,0,0,101,0.5,750,10,221.8,77.6,95.95,42,2.16,684.3,139
100,0,0,101,0.5,770,10,224.7,77.1,95.95,42,2.16,684.3,139
100,0,0,101,0.5,800,10,220.6,75.3,95.95,42,2.16,684.3,139
90,0,10,101,1,730,10,210,82.5,26.982,13,1.61,577.5,118
90,0,10,101,1,730,10,210,83.7,24.305,12,1.31,737.7,145
90,0,10,101,1,730,10,220,94,47.867,22,1.54,658.8,147
90,0,10,101,1,730,10,220,97,180.94788,73,1.5,761,146
90,0,10,101,1,730,10,220,94.9,95.95,42,2.16,684.3,139
90,0,10,101,1,730,10,220,80.1,26.982,13,1.61,577.5,118
90,0,10,101,1,730,10,220,80.2,24.305,12,1.31,737.7,145
90,0,10,101,1,730,10,230,91.2,47.867,22,1.54,658.8,147
90,0,10,101,1,730,10,230,93.5,180.94788,73,1.5,761,146
90,0,10,101,1,730,10,230,93.1,95.95,42,2.16,684.3,139
90,7,3,101,1,730,10,210,97.61904762,180.94788,73,1.5,761,146
90,10,0,101,1,730,10,190,92.10526316,180.94788,73,1.5,761,146
90,0,10,101,1,730,10,210,85.71428571,26.982,13,1.61,577.5,118
90,0,10,101,1,750,10,210,76.19047619,26.982,13,1.61,577.5,118
90,0,10,101,1,770,10,200,70,26.982,13,1.61,577.5,118
90,0,10,101,1,790,10,185,70.27027027,26.982,13,1.61,577.5,118
90,0,10,101,1,850,10,175,74.28571429,26.982,13,1.61,577.5,118
90,0,10,101,1,730,10,220,96,180.94788,73,1.5,761,146
90,0,10,101,1,750,10,220,96,180.94788,73,1.5,761,146
90,0,10,101,1,770,10,210,96,180.94788,73,1.5,761,146
90,0,10,101,1,790,10,205,96,180.94788,73,1.5,761,146
90,0,10,101,1,850,10,185,78.37837838,180.94788,73,1.5,761,146
84,6,10,105,0.5,760,15,229.5,88.1,50.9415,23,1.63,650.9,134
84,6,10,105,1,760,15,228.6,85.5,50.9415,23,1.63,650.9,134
84,6,10,105,2,760,15,226.1,85.2,50.9415,23,1.63,650.9,134
94,0,6,103,2,680,12,205,97.56097561,26.982,13,1.61,577.5,118
85,5,10,105,1,760,6,180,95,183.84,74,2.36,770,139
85,5,10,105,1,760,6,180,96,183.84,74,2.36,770,139
50,20,30,105,0.01,900,12,160,90,26.982,13,1.61,577.5,118
100,0,0,103,1,700,16,195,91.3,92.90638,41,1.6,652.1,146
100,0,0,103,1,700,16,200,87.5,92.90638,41,1.6,652.1,146
100,0,0,103,1,700,16,180,97.22222222,92.90638,41,1.6,652.1,146
90,5,5,101,0.5,750,28,216,96.3,26.982,13,1.61,577.5,118
90,5,5,101,1,750,28,213.8,97.2,26.982,13,1.61,577.5,118
90,5,5,101,2,750,28,212.4,98.3,26.982,13,1.61,577.5,118
90,5,5,101,3,750,28,198.7,96,26.982,13,1.61,577.5,118
90,5,5,101,5,750,28,183.2,93.2,26.982,13,1.61,577.5,118
80,10,10,100,5,800,15,187,74.86631016,22.99,11,0.93,495.8,186
80,10,10,100,10,800,15,191,82.72251309,22.99,11,0.93,495.8,186
80,10,10,100,15,800,15,179,66.48044693,22.99,11,0.93,495.8,186
94,0,6,105,0.02,680,15,230,91.30434783,24.305,12,1.31,737.7,145
92,3.6,4.4,101,1,750,10,215,89.30232558,26.982,13,1.61,577.5,118
92,3.6,4.4,101,1,770,10,215,98.60465116,92.90638,41,1.6,652.1,146
90,10,0,105,0.5,770,20,195,69.23076923,92.90638,41,1.6,652.1,146
90,10,0,105,1,770,20,192,94.27083333,92.90638,41,1.6,652.1,146
90,10,0,105,2,770,20,175,81.14285714,92.90638,41,1.6,652.1,146
80,10,10,105,5,775,15,196.222455,95.3,79.904,35,2.96,1139.9,120
80,10,10,105,5,775,15,200.832466,96.1,35.453,17,3.16,1251.2,99
80,10,10,105,5,775,15,196.078431,86.7,18.998,9,3.98,1681,64
92,4,4,100,1,780,10,190.1,93.9715939,183.84,74,2.36,770,139
92,4,4,100,2,780,10,187.34,90.2103128,183.84,74,2.36,770,139
92,4,4,100,0.5,780,10,186.6,90.03215434,183.84,74,2.36,770,139
92,4,4,100,0.25,780,10,187.81,85.19248176,183.84,74,2.36,770,139
18.75,62.5,18.75,116,2.5,900,8,216.8,86.3,26.982,13,1.61,577.5,118
95,2,3,101,1,680,10,224.7,87,26.982,13,1.61,577.5,118
95,2,3,101,1,700,10,222.5,84.83146067,26.982,13,1.61,577.5,118
95,2,3,101,1,730,10,216,82.40740741,26.982,13,1.61,577.5,118
95,2,3,101,1,750,10,211.1,74,26.982,13,1.61,577.5,118
80,10,10,105,0.5,750,20,209,86.7,92.90638,41,1.6,652.1,146
80,10,10,105,0.5,750,20,284.2,79.8,92.90638,41,1.6,652.1,146
94,1.5,4.5,103,0.1,680,24,210,80.01,69.723,31,1.81,578.8,136
94,1.5,4.5,103,0.25,680,24,205,90.1,69.723,31,1.81,578.8,136
80,10,10,105,0.01,780,12,189,67.03703704,24.305,12,1.31,737.7,145
80,10,10,105,0.05,780,12,210.9,81.03366524,24.305,12,1.31,737.7,145
95,0,4,101,1,800,10,180,56,26.982,13,1.61,577.5,118
95,0,4,101,1,800,10,190,64,47.867,22,1.54,658.8,147
95,0,4,101,1,800,10,208,74,180.94788,73,1.5,761,146
95,0,4,101,1,800,10,200,79,121.76,51,2.05,834,140
95,0,4,101,1,800,10,206,78,92.90638,41,1.6,652.1,146
95,0,4,101,1,800,10,225,83,183.84,74,2.36,770,139
95,0,4,101,1,800,10,225,85,95.95,42,2.16,684.3,139
95,0,4,101,1,700,10,220,80,26.982,13,1.61,577.5,118
94,2,3,101,1,700,10,228,93,95.95,42,2.16,684.3,139
95,0,4,101,1,700,30,215,75.3,26.982,13,1.61,577.5,118
95,0,4,101,1,700,60,207,69,26.982,13,1.61,577.5,118
95,0,4,101,1,700,10,232,91,95.95,42,2.16,684.3,139
95,0,4,101,1,700,30,232,88.8,95.95,42,2.16,684.3,139
95,0,4,101,1,700,60,232,87.2,95.95,42,2.16,684.3,139
95,0,4,101,1,750,10,192.5,66,26.982,13,1.61,577.5,118
95,0,4,101,1,750,10,228,89,95.95,42,2.16,684.3,139
99,0,0,101,1,770,10,228,90.3,183.84,74,2.36,770,139
98.5,0,0,101,1.5,790,10,219,93.5,183.84,74,2.36,770,139
98,0,0,101,2,810,10,204.8,95.5,183.84,74,2.36,770,139
80,10,10,110,1,780,15,183,97.3,88.90585,39,1.22,600,212
80,10,10,110,2,780,15,182,99.5,88.90585,39,1.22,600,212
80,10,10,110,3,780,15,177,99.4,88.90585,39,1.22,600,212
80,10,10,110,4,780,15,173,99.4,88.90585,39,1.22,600,212
88,0,10,101,2,720,10,210,91.9,26.982,13,1.61,577.5,118
86,0,10,101,4,720,10,207,92.6,26.982,13,1.61,577.5,118
84,0,10,101,6,720,10,199,94.5,26.982,13,1.61,577.5,118
94.35,1.82,2.9,101,0.93,680,10,224.7,87,26.982,13,1.61,577.5,118
94.35,1.82,2.9,101,0.93,700,10,220,85.8,26.982,13,1.61,577.5,118
94.35,1.82,2.9,101,0.93,730,10,217,82,26.982,13,1.61,577.5,118
94.35,1.82,2.9,101,0.93,750,10,211.1,74,26.982,13,1.61,577.5,118
92,3.3,4,101,0.7,750,10,217,89.3,26.982,13,1.61,577.5,118
92,3.3,4,101,0.7,770,10,218,98.3,92.90638,41,1.6,652.1,146
94,3,3,103,0.15,680,24,223,79.2,91.224,40,1.33,640.1,160
94,3,3,103,0.1,680,24,225,84.4,69.723,31,1.81,578.8,136
80,17,0,105,3,780,12,149.4,94.91,26.982,13,1.61,577.5,118
80,15,0,105,5,780,12,169,94.7,26.982,13,1.61,577.5,118
80,10,0,105,10,780,12,145,98,26.982,13,1.61,577.5,118
80,15,5,101,0.5,770,10,203,95.6,18.998,9,3.98,1681,64
80,15,5,101,1,770,10,199,99.7,18.998,9,3.98,1681,64
80,15,5,101,2,770,10,190,96.5,18.998,9,3.98,1681,64
90,5,5,104,0.5,760,10,205,81.2,95.95,42,2.16,684.3,139
90,5,5,104,1,760,10,195,91.3,95.95,42,2.16,684.3,139
90,5,5,104,1.5,760,10,185,82.2,95.95,42,2.16,684.3,139
94.651,0,3.882,101,0.374,700,10,198,86.9,92.90638,41,1.6,652.1,146
95.658,0,3.872,101,0.47,700,10,210,96.7,92.90638,41,1.6,652.1,146
95.393,0,4.041,101,0.566,700,10,210,82.9,92.90638,41,1.6,652.1,146
95.696,0,0,101,4.304,650,10,224,86.6,26.982,13,1.61,577.5,118
95.696,0,0,101,4.304,680,10,219,83.5,26.982,13,1.61,577.5,118
99.254,0,0,101,0.746,650,10,220,87.4,47.867,22,1.54,658.8,147
99.254,0,0,101,0.746,680,10,229,86.5,47.867,22,1.54,658.8,147
99.254,0,0,101,0.746,700,10,233,81.7,47.867,22,1.54,658.8,147
99,0,0,101,1,680,10,220,88.3,47.867,22,1.54,658.8,147
98,0,0,101,2,650,10,229,83.2,26.982,13,1.61,577.5,118
94,0,0,101,6,650,10,202,80.5,26.982,13,1.61,577.5,118
98.6,0,0,101,1.4,650,10,211,89,91.224,40,1.33,640.1,160
90,7,3,101,1,730,10,210,97.62,180.94788,73,1.5,761,146
90,10,0,101,1,730,10,190,92.1,180.94788,73,1.5,761,146
90,0,10,101,1,730,10,210,85.71,26.982,13,1.61,577.5,118
90,0,10,101,1,750,10,210,76.19,26.982,13,1.61,577.5,118
90,0,10,101,1,790,10,185,70.27,26.982,13,1.61,577.5,118
90,0,10,101,1,850,10,175,74.29,26.982,13,1.61,577.5,118
90,0,10,101,1,900,10,205,96,180.94788,73,1.5,761,146
90,0,10,101,1,850,10,185,78.38,180.94788,73,1.5,761,146
84,6,10,105,0.005,760,15,229.5,88.1,50.9415,23,1.63,650.9,134
84,6,10,105,0.01,760,15,228.6,85.5,50.9415,23,1.63,650.9,134
84,6,10,105,0.02,760,15,226.1,85.2,50.9415,23,1.63,650.9,134
94,0,6,103,2,680,12,205,97.56,26.982,13,1.61,577.5,118
85,5,10,103,1,760,6,180,95,183.84,74,2.36,770,139
85,5,10,103,1,900,6,180,96,183.84,74,2.36,770,139
50,20,30,105,0.01,700,12,160,90,26.982,13,1.61,577.5,118
100,0,0,103,1,750,16,180,97.2,92.90638,41,1.6,652.1,146
80,10,10,101,5,800,15,187,74.86,22.99,11,0.93,495.8,186
80,10,10,101,10,800,15,191,82.73,22.99,11,0.93,495.8,186
80,10,10,101,15,800,15,179,66.48,22.99,11,0.93,495.8,186
80,20,0,103,1,700,8,187,75,26.982,13,1.61,577.5,118
80,1,1,103,1,800,10,163,80,10.81,5,2.04,800.6,87
80,1,1,103,2,800,10,165,88,10.81,5,2.04,800.6,87
80,1,1,103,3,800,10,162,85,10.81,5,2.04,800.6,87
80,1,1,103,4,800,10,158,83,10.81,5,2.04,800.6,87
90,10,0,103,1,730,12,186,82,24.305,12,1.31,737.7,145
90,10,0,103,1,730,12,201,84,55.845,26,1.83,762.5,126
92,4,4,103,0.4,750,12,232.6,89.3,26.982,13,1.61,577.5,118
92,4,4,103,0.8,750,12,233.4,98.3,92.90638,41,1.6,652.1,146
85,0,15,105,5,750,12,190,99,26.982,13,1.61,577.5,118
80,10,10,105,0.5,750,15,185.7,92.3,22.99,11,0.93,495.8,186
80,10,10,105,1,750,15,187.9,95.4,22.99,11,0.93,495.8,186
80,10,10,105,2,750,15,186.3,89.8,22.99,11,0.93,495.8,186
60,35,5,105,2,870,10,185,93.3,22.99,11,0.93,495.8,186
83,5,12,105,0.72,750,10,197,83.3,24.305,12,1.31,737.7,145
83,5,12,105,0.96,750,10,199.7,87.2,24.305,12,1.31,737.7,145
83,5,12,105,1.2,750,10,195.9,83.7,24.305,12,1.31,737.7,145
83,5,12,105,1.45,750,10,191.4,84.3,24.305,12,1.31,737.7,145
60,20,20,105,1,850,10,193,91.8,47.867,22,1.54,658.8,147
80,10,10,105,0.05,900,10,214.9,91.62,47.867,22,1.54,658.8,147
80,10,10,105,1,900,10,180.7,88.71,47.867,22,1.54,658.8,147
90,5,5,101,0.05,750,20,194.3,72.1,65.38,30,1.65,906.4,131
90,5,5,101,0.5,750,20,190.4,91.7,65.38,30,1.65,906.4,131
90,5,0,101,5,750,20,170.2,83.3,65.38,30,1.65,906.4,131
94,3,3,103,0.25,680,24,238.3,85.19,10.81,5,2.04,800.6,87
90,5,5,108,1,775,6,216.5,85.8,95.95,42,2.16,684.3,139
92,4,4,108,0.25,780,10,190.89,87.32,183.84,74,2.36,770,139
92,4,4,108,0.5,780,10,190.5,91.14,183.84,74,2.36,770,139
92,4,4,108,1,780,10,190.1,93.97,183.84,74,2.36,770,139
92,4,4,108,2,780,10,189.72,88.43,183.84,74,2.36,770,139
60,20,20,103,2,780,18,195.65,93.2,10.81,5,2.04,800.6,87
60,20,20,103,2,780,18,190.45,93.2,47.867,22,1.54,658.8,147
60,20,20,103,2,780,18,214.65,93.2,91.224,40,1.33,640.1,160
85,5,15,105,0.5,740,15,184.9,84.07,24.305,12,1.31,737.7,145
85,5,15,105,1,740,15,182.4,85.95,24.305,12,1.31,737.7,145
85,5,15,105,3,740,15,180.9,83.67,24.305,12,1.31,737.7,145
85,5,15,105,5,740,15,163.8,82.3,24.305,12,1.31,737.7,145
100,0,0,101,1,650,10,235.2,77.7,26.982,13,1.61,577.5,118
100,0,0,101,1,680,10,230,74.1,26.982,13,1.61,577.5,118
100,0,0,101,1,700,10,218.4,73.5,26.982,13,1.61,577.5,118
100,0,0,101,1,730,10,214,54.1,26.982,13,1.61,577.5,118
100,0,0,101,1,750,10,206.2,44.1,26.982,13,1.61,577.5,118
100,0,0,101,1,650,10,235.6,81.1,92.90638,41,1.6,652.1,146
100,0,0,101,1,680,10,227.8,81.6,92.90638,41,1.6,652.1,146
100,0,0,101,1,700,10,230.1,83.1,92.90638,41,1.6,652.1,146
100,0,0,101,1,730,10,224.6,81.4,92.90638,41,1.6,652.1,146
100,0,0,101,1,750,10,226,80.9,92.90638,41,1.6,652.1,146
100,0,0,101,1,770,10,215.4,80.7,92.90638,41,1.6,652.1,146
100,0,0,101,1,800,10,208.1,67.6,92.90638,41,1.6,652.1,146
100,0,0,101,3,650,10,235.4,84.9,180.94788,73,1.5,761,146
100,0,0,101,3,680,10,239.6,85.4,180.94788,73,1.5,761,146
100,0,0,101,3,700,10,234.8,87,180.94788,73,1.5,761,146
100,0,0,101,3,730,10,237.8,84.2,180.94788,73,1.5,761,146
100,0,0,101,3,750,10,229.1,82.5,180.94788,73,1.5,761,146
100,0,0,101,3,770,10,207.5,80,180.94788,73,1.5,761,146
100,0,0,101,3,800,10,199.8,63.9,180.94788,73,1.5,761,146
100,0,0,101,1,650,10,230.4,79.8,95.95,42,2.16,684.3,139
100,0,0,101,1,680,10,236.5,83.1,95.95,42,2.16,684.3,139
100,0,0,101,1,700,10,232.4,82.7,95.95,42,2.16,684.3,139
100,0,0,101,1,730,10,231.9,81.5,95.95,42,2.16,684.3,139
100,0,0,101,1,750,10,221.8,77.6,95.95,42,2.16,684.3,139
100,0,0,101,1,770,10,224.7,77.1,95.95,42,2.16,684.3,139
100,0,0,101,1,800,10,220.6,75.3,95.95,42,2.16,684.3,139
90,4,5,102,1,750,12,185,95,24.305,12,1.31,737.7,145
90,3.5,5,102,1,750,12,194,96,24.305,12,1.31,737.7,145
90,3,5,102,1,750,12,175,97,24.305,12,1.31,737.7,145
90,5,4,102,1,750,12,179,98,24.305,12,1.31,737.7,145
80,4,4,105,2,800,10,173.8,92,91.224,40,1.33,640.1,160
90,5,5,103,3,730,10,200,96.6,121.76,51,2.05,834,140
90,5,5,102,5,720,15,182,84,26.982,13,1.61,577.5,118
80,15,5,105,1,750,12,184.6,90.71,22.99,11,0.93,495.8,186
80,15,5,105,2,750,12,183.4,88.65,22.99,11,0.93,495.8,186
80,15,5,105,5,750,12,181.8,87.42,22.99,11,0.93,495.8,186
90,5,5,105,1,750,12,194.4,95.5,18.998,9,3.98,1681,64
90,5,5,105,2,750,12,190,90,18.998,9,3.98,1681,64
90,5,5,105,4,750,12,180,85,18.998,9,3.98,1681,64
70,30,0,102,2,800,10,190,86.8,35.453,17,3.16,1251.2,99
80,1,1,105,2,800,12,149.52,78.06,40.078,20,1,589.8,194
80,1,1,105,4,800,12,151.19,77.74,40.078,20,1,589.8,194
80,1,1,105,6,800,12,150.2,81.1,40.078,20,1,589.8,194
80,1,1,105,8,800,12,141.91,67.37,40.078,20,1,589.8,194
80,1,1,105,1,780,12,203.6,76,24.305,12,1.31,737.7,145
80,1,1,105,3,780,12,226.1,81,24.305,12,1.31,737.7,145
80,1,1,105,5,780,12,181.1,90,24.305,12,1.31,737.7,145
80,1,1,105,6,780,12,168.8,74,24.305,12,1.31,737.7,145
81.5,15,3.5,105,0.5,750,12,191.8,92,91.224,40,1.33,640.1,160
81.5,15,3.5,105,1,750,12,185.6,70,91.224,40,1.33,640.1,160
81.5,15,3.5,105,5,750,12,163.9,75,91.224,40,1.33,640.1,160
88,2.5,9.5,105,1,760,16,192.2,83.45,26.982,13,1.61,577.5,118
88,2.5,9.5,105,2,760,16,190,91.57,26.982,13,1.61,577.5,118
88,2.5,9.5,105,3,760,16,188.3,86.56,26.982,13,1.61,577.5,118
90,5,5,101,0.4,750,10,237,87,10.81,5,2.04,800.6,87
90,5,5,101,1,750,10,237,91,10.81,5,2.04,800.6,87
100,0,0,105,5,800,12,174,93.7,51.996,24,1.66,652.9,128
100,0,0,105,10,800,12,185,95.1,51.996,24,1.66,652.9,128
100,0,0,105,15,800,12,165,90.9,51.996,24,1.66,652.9,128
100,0,0,105,20,800,12,155,90.3,51.996,24,1.66,652.9,128
80,1,1,105,0.5,750,12,179.2,97.8,140.116,58,1.12,534.4,182
80,1,1,105,1,750,12,196.8,99.2,140.116,58,1.12,534.4,182
80,1,1,105,2,750,12,199.1,94.9,140.116,58,1.12,534.4,182
89.7,5,5,101,3,750,10,224.3,92.9,118.71,50,1.96,708.6,140
90,0,10,105,3,750,12,195.1,78.5,47.867,22,1.54,658.8,147
90,0,10,105,5,750,12,194.8,97.9,47.867,22,1.54,658.8,147
90,0,10,105,7,750,12,191.2,95.1,47.867,22,1.54,658.8,147
90,0,10,105,9,750,12,189.5,97.9,47.867,22,1.54,658.8,147
60,20,20,108,0.5,870,15,160,91,92.90638,41,1.6,652.1,146
60,20,20,108,1,870,15,160.9,91,92.90638,41,1.6,652.1,146
60,20,20,108,2,870,15,183.3,94,92.90638,41,1.6,652.1,146
80,10,10,105,1.5,750,10,195,88,24.305,12,1.31,737.7,145
80,10,10,105,1.5,750,10,198,90,26.982,13,1.61,577.5,118
80,10,10,105,1.5,750,10,190,85,28.0855,14,1.9,786.5,110
80,10,10,105,1.5,750,10,189,86,47.867,22,1.54,658.8,147
80,10,10,105,1.5,750,10,193,92,91.224,40,1.33,640.1,160
80,10,10,105,1.5,750,10,200,94,180.94788,73,1.5,761,146
94,0,6,101,0.02,680,15,230,91.3,24.305,12,1.31,737.7,145
92,3.6,4.4,101,1,750,10,215,89.3,26.982,13,1.61,577.5,118
92,3.6,4.4,101,1,750,10,215,98.6,92.90638,41,1.6,652.1,146
90,10,0,105,0.5,770,20,195,69.23,92.90638,41,1.6,652.1,146
90,10,0,105,1,770,20,192,94.27,92.90638,41,1.6,652.1,146
90,10,0,105,2,770,20,175,81.14,92.90638,41,1.6,652.1,146
80,10,10,105,5,775,15,196.078431,86.73,18.998,9,3.98,1681,64
80,7,10,105,3,850,12,150,83.33,24.305,12,1.31,737.7,145
80,7,10,105,3,850,12,150,41.33,63.546,29,1.9,745.5,128
90,5,5,104,0.5,760,10,200,71.1,95.95,42,2.16,684.3,139
90,5,5,104,1,760,10,200,85.9,95.95,42,2.16,684.3,139
90,5,5,104,1.5,760,10,200,70.4,95.95,42,2.16,684.3,139
76,14,9,105,1,790,12,190,93.7,26.982,13,1.61,577.5,118
75,14,9,105,2,790,12,190,95,26.982,13,1.61,577.5,118
90,0,10,102,0.003,730,10,200,80,138.90547,57,1.1,538.1,187
83,5,12,105,1,730,12,140,93.4,92.90638,41,1.6,652.1,146
89.9,5,5,101,0.5,770,10,200,95,183.84,74,2.36,770,139
89.6,4.7,4.7,101,1,770,10,200,97.5,183.84,74,2.36,770,139
80,10,10,105,0.03,780,12,210,90.5,24.305,12,1.31,737.7,145
80,10,10,105,2.5,800,12,62,80.6,44.956,21,1.36,633.1,162
80,10,10,105,5,800,12,68,88.2,44.956,21,1.36,633.1,162
80,10,10,105,7.5,800,12,75,93.3,44.956,21,1.36,633.1,162
90,2,8,105,2,710,15,200,82.5,24.305,12,1.31,737.7,145
90,2,8,105,1,710,15,200,90,180.94788,73,1.5,761,146
90,5,5,101,0.4,750,10,215,93,10.81,5,2.04,800.6,87
90,5,5,101,1,750,10,220,95.5,10.81,5,2.04,800.6,87
92,4,4,105,0.25,780,10,200,88.19,183.84,74,2.36,770,139
92,4,4,105,0.5,780,10,200,90.03,183.84,74,2.36,770,139
92,4,4,105,1,780,10,200,93.97,183.84,74,2.36,770,139
92,4,4,105,2,780,10,200,90.21,183.84,74,2.36,770,139
90,0,10,105,0.5,750,15,210,93.52,127.6,52,2.1,869.3,140
90,0,10,105,1,750,15,210,95.01,127.6,52,2.1,869.3,140
90,0,10,105,2,750,15,210,95.52,127.6,52,2.1,869.3,140
94,1.5,4.5,103,0.1,680,24,245,85.7,69.723,31,1.81,578.8,136
94,1.5,4.5,103,0.25,680,24,250,90,69.723,31,1.81,578.8,136
80,10,10,105,1.5,900,10,180,88.9,47.867,22,1.54,658.8,147
80,10,10,105,1.6,900,10,200,90,47.867,22,1.54,658.8,147
80,10,10,105,0.5,650,6,250,79.8,92.90638,41,1.6,652.1,146
95,2.5,2.5,101,0.01,700,10,220,88.64,183.84,74,2.36,770,139
95,2.5,2.5,101,0.01,700,10,215,86.05,18.998,9,3.98,1681,64
80,10,10,105,2,720,12,165,84.8,18.998,9,3.98,1681,64
80,10,10,105,4,720,12,170,88.2,18.998,9,3.98,1681,64
80,10,10,105,6,720,12,175,91.4,18.998,9,3.98,1681,64
80,10,10,105,8,720,12,180,94.4,18.998,9,3.98,1681,64
94,3,3,103,0.15,680,24,250,79.18,91.224,40,1.33,640.1,160
94,3,3,103,0.1,680,24,250,84.4,69.723,31,1.81,578.8,136
90,5,5,101,1,800,30,200,80.5,140.116,58,1.12,534.4,182
90,5,5,101,2,850,30,200,73.1,140.116,58,1.12,534.4,182
80,10,10,101,1,780,15,195,89.7,88.90585,39,1.22,600,212
80,10,10,101,2,780,15,190,92.1,88.90585,39,1.22,600,212
80,10,10,101,3,780,15,185,91.9,88.90585,39,1.22,600,212
80,10,10,101,4,780,15,180,88.9,88.90585,39,1.22,600,212
80,10,10,101,1,780,15,200,90,88.90585,39,1.22,600,212
80,10,10,101,2,780,15,195,92.3,88.90585,39,1.22,600,212
80,10,10,101,3,780,15,190,92.1,88.90585,39,1.22,600,212
80,10,10,101,4,780,15,185,91.9,88.90585,39,1.22,600,212
94,0,4,103,2,640,15,210,90.5,65.38,30,1.65,906.4,131
85,5,10,105,0.3,760,6,190,97,92.90638,41,1.6,652.1,146
90,0,10,101,0.5,730,10,225,91.1,10.81,5,2.04,800.6,87
90,0,10,101,1,730,10,225,93.3,10.81,5,2.04,800.6,87
90,0,10,101,1.5,730,10,230,93.5,10.81,5,2.04,800.6,87
90,0,10,101,2,730,10,230,95.7,10.81,5,2.04,800.6,87
90,0,10,101,1.5,750,10,230,88,10.81,5,2.04,800.6,87
90,0,10,101,1.5,780,10,230,80,10.81,5,2.04,800.6,87
94,3,3,103,0.25,680,24,235,85.19,10.81,5,2.04,800.6,87
80,10,10,102,0.5,800,16,189.2,87,63.546,29,1.9,745.5,128
80,10,10,102,1,800,16,208.4,90.2,63.546,29,1.9,745.5,128
80,10,10,102,2,800,16,171.1,76.4,63.546,29,1.9,745.5,128
92,4,4,101,1,750,10,230,79,26.982,13,1.61,577.5,118
92,4,4,101,3,750,10,220,86,26.982,13,1.61,577.5,118
92,4,4,101,5,750,10,200,91.1,26.982,13,1.61,577.5,118
83,6,11,115,0.5,760,18,209,90.2,158.925,65,1.2,565,177
83,6,11,115,1,760,18,219,94.6,158.925,65,1.2,565,177
92,4,4,105,1,790,15,200,74,47.867,22,1.54,658.8,147
92,4,4,105,2,790,15,190.1,88,47.867,22,1.54,658.8,147
92,4,4,105,3,790,15,175,99,47.867,22,1.54,658.8,147
85,5,8,105,2,750,10,189,70,26.982,13,1.61,577.5,118
85,5,6,105,4,750,10,182,77,26.982,13,1.61,577.5,118
80,0,20,110,1.25,750,12,182,95.8,47.867,22,1.54,658.8,147
80,0,20,110,2.5,750,12,163,86.7,47.867,22,1.54,658.8,147
80,0,20,110,5,750,12,137,76.5,47.867,22,1.54,658.8,147
99.5,0,0,103,0.5,730,16,213.2,60.98,92.90638,41,1.6,652.1,146
99,0,0,103,1,730,16,203.4,86.03,92.90638,41,1.6,652.1,146
98,0,0,103,2,730,16,153.5,97.7,92.90638,41,1.6,652.1,146
89.6,4.7,4.7,101,0.5,770,10,235,93,183.84,74,2.36,770,139
89.6,4.7,4.7,101,1,770,10,235,96,183.84,74,2.36,770,139
90,5,5,105,0.1,680,15,214.8,75.6,183.84,74,2.36,770,139
90,5,5,105,0.5,680,15,215.9,78.6,183.84,74,2.36,770,139
90,5,5,105,1,680,15,214.9,77.2,183.84,74,2.36,770,139
100,0,0,101,1,770,10,242.7,90.3,183.84,74,2.36,770,139
100,0,0,101,1.5,790,10,236.1,93.5,183.84,74,2.36,770,139
100,0,0,101,2,810,10,225.9,95.5,183.84,74,2.36,770,139
80,10,10,105,0.25,750,10,211.2,90.4,180.94788,73,1.5,761,146
90,5,5,101,0.3,750,10,230,92.9,118.71,50,1.96,708.6,140
96,0,4,101,1,700,10,230,91,95.95,42,2.16,684.3,139
96,0,4,101,1,700,30,230,89,95.95,42,2.16,684.3,139
96,0,4,101,1,700,60,230,87,95.95,42,2.16,684.3,139
96,0,4,101,1,800,10,225,83,183.84,74,2.36,770,139
96,0,4,101,1,800,10,200,79,121.76,51,2.05,834,140
96,0,4,101,1,800,10,202,78,92.90638,41,1.6,652.1,146
96,0,4,101,1,800,10,205,74,180.94788,73,1.5,761,146
96,0,4,101,1,800,10,195,64,47.867,22,1.54,658.8,147
96,0,4,101,1,800,10,180,56,26.982,13,1.61,577.5,118
92,4,4,100,1,780,10,190.1,93.97,183.84,74,2.36,770,139
92,4,4,100,2,780,10,187.34,90.21,183.84,74,2.36,770,139
92,4,4,100,0.5,780,10,186.6,90.03,183.84,74,2.36,770,139
92,4,4,100,0.25,780,10,187.81,85.19,183.84,74,2.36,770,139
88.8,5.6,5.6,100,0.35,780,10,193.06,81.63,92.90638,41,1.6,652.1,146
88.8,5.6,5.6,100,0.7,780,10,195.91,83.43,92.90638,41,1.6,652.1,146
88.8,5.6,5.6,100,1,780,10,194.93,82.76,92.90638,41,1.6,652.1,146
85,0,10,105,5,750,15,202.7,69.46,26.982,13,1.61,577.5,118
90,0,7,105,3,750,20,205.9,62.02,26.982,13,1.61,577.5,118
80,10,10,105,0.5,850,15,182.86,96.41,88.90585,39,1.22,600,212
80,10,10,105,1,850,15,182.2,94.34,88.90585,39,1.22,600,212
80,10,10,105,1.5,850,15,181.54,90.72,88.90585,39,1.22,600,212
80,10,10,105,0.5,850,15,188.36,94.53,88.90585,39,1.22,600,212
80,10,10,105,1,850,15,185.24,92.44,88.90585,39,1.22,600,212
80,10,10,105,1.5,850,15,184.62,86.97,88.90585,39,1.22,600,212
90,10,0,105,0.5,770,20,181.9,70.4,92.90638,41,1.6,652.1,146
90,10,0,105,1,770,20,188.6,95.6,92.90638,41,1.6,652.1,146
90,10,0,105,2,770,20,169.6,82.8,92.90638,41,1.6,652.1,146
100,0,0,103,3,730,16,201.9,68.77,26.982,13,1.61,577.5,118
100,0,0,103,5,730,16,199.3,82.01,26.982,13,1.61,577.5,118
100,0,0,103,7,730,16,184.4,78.94,26.982,13,1.61,577.5,118
90,10,0,103,1,720,12,180.12,88.89,183.84,74,2.36,770,139
90,10,0,103,1,720,12,178.09,82.36,24.305,12,1.31,737.7,145
94,0,4,105,2,750,20,193.7,42.11,26.982,13,1.61,577.5,118
95,0,5,104,0.5,760,10,203.371,77.29,95.95,42,2.16,684.3,139
95,0,5,104,1,760,10,199.438,88.72,95.95,42,2.16,684.3,139
95,0,5,104,1.5,760,10,175.393,78.42,95.95,42,2.16,684.3,139
81.5,0,15,105,3.5,750,21,175.42,89.97,26.982,13,1.61,577.5,118
90,10,0,104,2.5,750,12,171.78,94.8,47.867,22,1.54,658.8,147
90,5,5,101,0.5,750,28,215.2,88.4,26.982,13,1.61,577.5,118
90,5,5,101,1,750,28,211.5,90.3,26.982,13,1.61,577.5,118
90,5,5,101,2,750,28,210.9,93.2,26.982,13,1.61,577.5,118
90,5,5,101,3,750,28,198.3,86.5,26.982,13,1.61,577.5,118
90,5,5,101,5,750,28,180.7,87.2,26.982,13,1.61,577.5,118
90,10,0,103,1,800,12,193,90,47.867,22,1.54,658.8,147
90,10,0,103,2,800,12,179.77,95,47.867,22,1.54,658.8,147
90,10,0,103,5,800,12,170.52,96,47.867,22,1.54,658.8,147
90,10,0,103,1,800,12,192,86.7,91.224,40,1.33,640.1,160
90,10,0,103,2,800,12,180.35,87,91.224,40,1.33,640.1,160
90,10,0,103,5,800,12,157.8,75.2,91.224,40,1.33,640.1,160
90,10,0,103,1,800,12,192,88.9,178.49,72,1.3,658.5,159
90,10,0,103,2,800,12,181.21,90.6,178.49,72,1.3,658.5,159
90,10,0,103,5,800,12,164.16,75.3,178.49,72,1.3,658.5,159
95,5,0,105,1,730,16,211.61,88.8,26.982,13,1.61,577.5,118
95,5,0,105,3,730,16,203.6,94.1,26.982,13,1.61,577.5,118
95,5,0,105,5,730,16,156.96,94.2,26.982,13,1.61,577.5,118
90,5,5,101,0.3,750,10,235,87.9,118.71,50,1.96,708.6,140
90,0,10,101,1.5,730,10,209.58,84.1,26.982,13,1.61,577.5,118
96,0,4,101,1,700,10,218.33,81,26.982,13,1.61,577.5,118
100,0,0,101,1,770,10,228,90.3,183.84,74,2.36,770,139
100,0,0,101,1.5,790,10,204.7,93.5,183.84,74,2.36,770,139
100,0,0,101,2,810,10,195.6,95.5,183.84,74,2.36,770,139
100,0,0,101,0.5,650,10,230.62,81,91.224,40,1.33,640.1,160
96,0,4,101,1,700,10,219.954,80.3,26.982,13,1.61,577.5,118
96,0,4,101,0.5,700,10,226.821,86,95.95,42,2.16,684.3,139
96,0,4,101,1,700,10,226.821,90,95.95,42,2.16,684.3,139
96,0,4,101,1.5,700,10,212.715,91.4,95.95,42,2.16,684.3,139
96,0,4,101,2,700,10,193.039,91.4,95.95,42,2.16,684.3,139
92,4,4,101,1,750,10,212.03,79,26.982,13,1.61,577.5,118
92,4,4,101,3,750,10,202.91,86,26.982,13,1.61,577.5,118
92,4,4,101,5,750,10,189.2,91.1,26.982,13,1.61,577.5,118
81.5,0,15,105,3.5,750,15,172.8,63.7,26.982,13,1.61,577.5,118
80,0,15,115,5,720,15,198.6,83.6,26.982,13,1.61,577.5,118
