0,1,2,3,4,5,6,7,8,9,10,11,12,13
,0.08,0.0,0.8879310344827587,0.05,,0.16666666666666666,0.710390570021112,0.8824549858575726,,,,0.3879238548483046,0.6886792452830188
0.95,,0.0,,0.05,,0.16666666666666666,,,,,0.4020100502512563,0.3879238548483046,
0.95,0.08,,0.8879310344827587,0.05,0.8333333333333334,,,0.8557135776328987,0.2603731505657093,0.2972972972972973,0.3869346733668342,0.39190957763236167,0.6933962264150944
0.95,0.08,,0.8879310344827587,,0.7777777777777778,0.16666666666666666,0.6032723434201267,0.9315084361083249,,0.5540540540540541,0.4020100502512563,0.3879238548483046,0.6886792452830188
0.95,0.08,0.0,0.8879310344827587,0.05,0.8888888888888888,,0.7248381421534131,0.611380790672016,,,0.3869346733668342,,
,0.08,,0.8879310344827587,,,0.16666666666666666,,0.9461289806419257,0.2603731505657093,0.2972972972972973,0.3869346733668342,,0.6933962264150944
0.95,0.08,0.0,0.8879310344827587,0.05,0.8333333333333334,,,,0.49621409921671017,0.5405405405405406,0.3341708542713568,0.38078524687685905,0.7547169811320755
0.95,0.08,0.0,0.8879310344827587,0.05,0.8333333333333334,0.16666666666666666,0.7006298381421534,0.7936766874623872,,0.7702702702702703,0.2763819095477387,0.3201070791195717,0.7971698113207547
0.92,0.128,0.0,0.8706896551724138,0.05,,,,0.9320917389167502,,1.0,,0.4580606781677573,0.6556603773584906
,0.128,0.0,,0.05,0.8055555555555556,,0.6318789584799438,0.8411468953861584,,,0.4020100502512563,,0.6886792452830188
0.92,0.128,0.0,0.8706896551724138,0.05,0.8055555555555556,0.16666666666666666,,0.8390202632898696,0.13220735422106178,0.16216216216216217,0.3291457286432161,0.43884592504461634,
,0.0,,0.8706896551724138,0.05,0.8888888888888888,0.16666666666666666,0.633356790992259,,,,0.40452261306532666,0.34354550862581795,
0.95,0.0,0.16666666666666666,0.8706896551724138,0.05,0.8888888888888888,,0.6685432793807178,,0.2603731505657093,0.2972972972972973,0.3869346733668342,,0.6933962264150944
0.95,0.0,0.16666666666666666,0.8706896551724138,0.05,0.8888888888888888,,0.7318789584799438,,,0.9864864864864865,0.3768844221105528,,0.6886792452830188
0.95,,0.16666666666666666,0.8706896551724138,0.05,,0.16666666666666666,,0.7923771313941825,0.6623150565709313,0.6891891891891891,,0.496133254015467,0.660377358490566
,0.0,,0.8706896551724138,,,0.16666666666666666,0.724841660802252,0.7823470411233701,0.5053654264577894,,0.4020100502512563,0.3879238548483046,0.6886792452830188
,0.0,0.16666666666666666,0.8706896551724138,,0.8888888888888888,,0.7916959887403238,0.8324974924774323,1.0,1.0,0.592964824120603,0.4580606781677573,0.6556603773584906
,,0.16666666666666666,0.8706896551724138,,0.8888888888888888,,0.7916959887403238,,0.5219212358572672,0.5675675675675675,0.542713567839196,0.40707911957168347,
,0.0,0.16666666666666666,,0.05,0.7777777777777778,,0.7741027445460943,0.802407221664995,0.14676892950391643,0.17567567567567569,0.40452261306532666,0.34354550862581795,0.5566037735849056
,0.032,0.1,0.8706896551724138,0.05,0.7777777777777778,0.16666666666666666,0.8022519352568614,,,0.5675675675675675,0.542713567839196,0.40707911957168347,0.6556603773584906
0.95,,,0.8706896551724138,0.05,0.7777777777777778,0.5,0.7565095003518649,,0.14676892950391643,,0.40452261306532666,,0.5566037735849056
0.95,,,0.8706896551724138,,0.7777777777777778,,0.7283603096410979,0.6920762286860581,0.14676892950391643,0.17567567567567569,0.40452261306532666,0.34354550862581795,
,0.0,0.16666666666666666,0.8706896551724138,,0.7777777777777778,,0.8163265306122449,0.9127382146439318,0.5219212358572672,0.5675675675675675,0.542713567839196,,
,,0.16666666666666666,0.8706896551724138,0.05,0.7777777777777778,,,0.8906720160481444,,,,,0.6556603773584906
,0.0,0.16666666666666666,0.8706896551724138,,0.7777777777777778,1.0,0.8163265306122449,0.8746238716148446,0.5219212358572672,0.5675675675675675,0.542713567839196,0.40707911957168347,0.6556603773584906
,0.0,0.16666666666666666,0.8706896551724138,0.05,,0.16666666666666666,,0.6619859578736208,0.14676892950391643,0.17567567567567569,0.40452261306532666,0.34354550862581795,0.5566037735849056
0.95,0.0,,0.8706896551724138,0.05,,0.16666666666666666,0.8022519352568614,,,0.5675675675675675,0.542713567839196,0.40707911957168347,0.6556603773584906
1.0,0.0,,,0.05,0.8555555555555555,0.16666666666666666,,0.9057875380140421,1.0,1.0,0.592964824120603,0.4580606781677573,0.6556603773584906
1.0,0.0,0.0,0.8706896551724138,,0.8777777777777778,,,,1.0,1.0,0.592964824120603,0.4580606781677573,0.6556603773584906
1.0,0.0,0.0,,,0.9,0.16666666666666666,0.720619282195637,0.9579519809428284,1.0,,0.592964824120603,0.4580606781677573,0.6556603773584906
,,,0.8620689655172413,,,,0.7420830401125968,0.812774977331996,,0.16216216216216217,0.3291457286432161,0.43884592504461634,
,0.16,0.3333333333333333,0.9482758620689655,0.05,0.8666666666666667,0.25,0.6439127375087966,0.9756044088264795,0.48360449303742387,0.527027027027027,,0.35693039857227843,
0.8,0.16,,0.9482758620689655,,,,,,0.48360449303742387,,,0.35693039857227843,
,0.16,,0.9482758620689655,,0.8666666666666667,0.25,0.6228008444757214,0.9973423094282848,,,,,1.0
0.8,0.16,0.3333333333333333,,0.2,,0.25,0.6087262491203378,,0.48360449303742387,,,0.35693039857227843,1.0
0.9,0.0,0.3333333333333333,,0.1,,,,0.9218130581745235,0.14676892950391643,0.17567567567567569,0.40452261306532666,0.34354550862581795,0.5566037735849056
0.9,0.0,0.3333333333333333,0.8706896551724138,0.2,0.6666666666666666,,0.7283603096410979,,0.14676892950391643,,0.40452261306532666,,0.5566037735849056
0.9,0.0,0.3333333333333333,0.8706896551724138,,0.6666666666666666,0.16666666666666666,0.7002111189303308,0.9515985141424272,0.14676892950391643,0.17567567567567569,,,0.5566037735849056
0.9,0.0,0.3333333333333333,0.8706896551724138,0.1,0.8,0.16666666666666666,0.7635467980295567,0.9244322830491474,0.14676892950391643,0.17567567567567569,,0.34354550862581795,0.5566037735849056
,,0.3333333333333333,0.8706896551724138,,0.8,0.16666666666666666,,0.857713326880642,,0.17567567567567569,0.40452261306532666,,
0.94,0.064,,,0.05,,0.16666666666666666,,0.9107321965897692,0.984268276762402,,,,0.6886792452830188
0.94,0.064,0.06666666666666667,,0.05,0.7777777777777778,0.16666666666666666,0.7772695285010557,,,,0.3768844221105528,0.4527067221891731,0.6886792452830188
,0.064,,,0.05,0.8111111111111111,0.16666666666666666,,,0.984268276762402,0.9864864864864865,0.3768844221105528,0.4527067221891731,
0.94,0.064,,,0.05,0.8333333333333334,0.16666666666666666,,0.9348044132397192,,,0.3768844221105528,0.4527067221891731,
0.94,,,0.8706896551724138,,,0.16666666666666666,0.7864180154820549,,0.984268276762402,0.9864864864864865,0.3768844221105528,,0.6886792452830188
,0.0,0.0,0.8706896551724138,0.025,0.7222222222222222,0.16666666666666666,0.8275862068965517,0.7793380140421264,0.14676892950391643,,,0.34354550862581795,0.5566037735849056
,0.0,0.0,0.8706896551724138,0.025,,0.16666666666666666,0.8092892329345531,0.7432296890672015,0.14676892950391643,,0.40452261306532666,0.34354550862581795,0.5566037735849056
1.0,,,,,0.7777777777777778,0.16666666666666666,0.768472906403941,0.7372116349047141,0.14676892950391643,0.17567567567567569,0.40452261306532666,0.34354550862581795,0.5566037735849056
1.0,,0.0,,0.025,0.8111111111111111,0.16666666666666666,0.752990851513019,0.5426278836509528,0.14676892950391643,0.17567567567567569,,,
1.0,0.0,,0.8706896551724138,0.025,0.8333333333333334,0.16666666666666666,0.7255453905700211,0.44232698094282846,,0.17567567567567569,0.40452261306532666,,0.5566037735849056
1.0,0.0,0.0,,0.025,0.7222222222222222,0.16666666666666666,0.82899366643209,0.8134403209628885,,0.5540540540540541,,0.3879238548483046,
1.0,0.0,,0.8706896551724138,0.025,0.7555555555555555,0.16666666666666666,0.8015482054890922,0.8184553660982948,0.5053654264577894,0.5540540540540541,0.4020100502512563,0.3879238548483046,
1.0,0.0,0.0,0.8706896551724138,0.025,,,0.8096410978184377,,0.5053654264577894,0.5540540540540541,,,
1.0,0.0,0.0,0.8706896551724138,0.025,0.8111111111111111,,0.7902885292047854,0.8164493480441324,0.5053654264577894,0.5540540540540541,0.4020100502512563,0.3879238548483046,0.6886792452830188
1.0,0.0,0.0,,,0.8333333333333334,0.16666666666666666,0.7952146375791697,0.8114343029087262,0.5053654264577894,0.5540540540540541,0.4020100502512563,0.3879238548483046,
,0.0,,0.8706896551724138,0.025,0.8555555555555555,0.16666666666666666,0.7579169598874033,,0.5053654264577894,0.5540540540540541,0.4020100502512563,,0.6886792452830188
,0.0,0.0,,,0.8888888888888888,,0.7322308233638283,0.6780341023069207,0.5053654264577894,,,,
,0.0,,0.8706896551724138,,0.7222222222222222,0.16666666666666666,,0.851554663991976,0.984268276762402,0.9864864864864865,0.3768844221105528,0.4527067221891731,0.6886792452830188
1.0,0.0,0.0,0.8706896551724138,0.025,,0.16666666666666666,0.8430682617874736,0.8565697091273822,0.984268276762402,0.9864864864864865,0.3768844221105528,,0.6886792452830188
1.0,,0.0,0.8706896551724138,0.025,0.7777777777777778,0.16666666666666666,0.8261787473610135,,,0.9864864864864865,0.3768844221105528,,0.6886792452830188
1.0,,,0.8706896551724138,,,0.16666666666666666,0.8367346938775511,0.8445336008024072,0.984268276762402,0.9864864864864865,0.3768844221105528,,0.6886792452830188
1.0,0.0,0.0,0.8706896551724138,,0.8333333333333334,0.16666666666666666,,0.827482447342026,0.984268276762402,0.9864864864864865,,,
1.0,0.0,0.0,0.8706896551724138,0.025,0.8555555555555555,0.16666666666666666,0.7301196340605208,,0.984268276762402,0.9864864864864865,0.3768844221105528,,0.6886792452830188
,,,0.8706896551724138,0.025,0.8888888888888888,0.16666666666666666,0.7030260380014075,,0.984268276762402,0.9864864864864865,0.3768844221105528,0.4527067221891731,0.6886792452830188
1.0,0.0,0.0,0.8706896551724138,0.025,0.7222222222222222,0.16666666666666666,0.8106966924700916,0.8004012036108324,0.5219212358572672,0.5675675675675675,0.542713567839196,0.40707911957168347,0.6556603773584906
1.0,0.0,,,0.025,0.7555555555555555,0.16666666666666666,0.8321604503870514,,,,0.542713567839196,0.40707911957168347,
,,0.0,,0.025,,0.16666666666666666,0.8177339901477833,0.8294884653961886,,,,,0.6556603773584906
1.0,,,0.8706896551724138,0.025,,0.16666666666666666,0.8159746657283604,0.8174523570712137,0.5219212358572672,0.5675675675675675,,0.40707911957168347,
,0.0,0.0,,0.025,0.8333333333333334,0.16666666666666666,0.780436312456017,0.778335005015045,0.5219212358572672,0.5675675675675675,0.542713567839196,,0.6556603773584906
1.0,0.0,,,0.025,0.8555555555555555,,0.7906403940886699,0.7733199598796389,,,0.542713567839196,0.40707911957168347,0.6556603773584906
,,,,0.025,0.8888888888888888,,,,0.5219212358572672,0.5675675675675675,0.542713567839196,0.40707911957168347,0.6556603773584906
0.9,0.0,0.3333333333333333,0.8706896551724138,0.05,0.8111111111111111,0.16666666666666666,0.7389162561576355,,0.14676892950391643,0.17567567567567569,0.40452261306532666,0.34354550862581795,0.5566037735849056
,,,0.8706896551724138,0.05,,0.16666666666666666,,0.839518555667001,0.13220735422106178,0.16216216216216217,0.3291457286432161,0.43884592504461634,0.6839622641509434
,0.0,0.3333333333333333,0.8706896551724138,0.05,,0.16666666666666666,0.7741027445460943,0.9428284854563691,0.2603731505657093,0.2972972972972973,0.3869346733668342,,0.6933962264150944
0.9,0.0,0.3333333333333333,0.8706896551724138,,0.8111111111111111,0.16666666666666666,0.7741027445460943,,,0.9864864864864865,0.3768844221105528,0.4527067221891731,0.6886792452830188
,0.0,0.3333333333333333,,0.05,0.8111111111111111,0.16666666666666666,,0.9518555667001003,0.5219212358572672,0.5675675675675675,0.542713567839196,0.40707911957168347,
,,,0.8706896551724138,0.05,,,0.7741027445460943,,0.14676892950391643,0.17567567567567569,0.40452261306532666,0.34354550862581795,0.5566037735849056
,0.0,0.3333333333333333,,0.05,0.8111111111111111,,,0.8044132397191575,,,0.3291457286432161,0.43884592504461634,0.6839622641509434
,0.0,,0.8706896551724138,,0.8111111111111111,0.16666666666666666,0.8092892329345531,0.9147442326980942,0.2603731505657093,,0.3869346733668342,0.39190957763236167,0.6933962264150944
,0.0,,,0.05,0.8111111111111111,,,,0.984268276762402,,,,0.6886792452830188
0.9,0.0,0.3333333333333333,0.8706896551724138,,,,0.8092892329345531,0.9338014042126378,,0.5675675675675675,,,0.6556603773584906
0.9,0.112,0.1,0.8706896551724138,0.05,0.8111111111111111,,0.7389162561576355,0.979127859779338,,0.9864864864864865,,,0.6886792452830188
,0.16,,,,0.8111111111111111,0.16666666666666666,0.6685432793807178,,0.984268276762402,,0.3768844221105528,0.4527067221891731,0.6886792452830188
0.9,0.0,0.3333333333333333,0.8706896551724138,0.05,,0.16666666666666666,,0.8597220231695085,0.14676892950391643,0.17567567567567569,,,
,0.0,0.3333333333333333,,0.05,,0.16666666666666666,,0.7641973539618856,0.14676892950391643,,0.40452261306532666,0.34354550862581795,0.5566037735849056
0.9,0.0,0.3333333333333333,,0.05,0.8555555555555555,0.16666666666666666,,0.7021063189568706,0.14676892950391643,0.17567567567567569,,0.34354550862581795,
,,0.3333333333333333,,0.05,0.8777777777777778,0.16666666666666666,0.6509500351864884,0.7048171541624875,0.14676892950391643,,0.40452261306532666,0.34354550862581795,0.5566037735849056
0.9,,0.3333333333333333,0.8706896551724138,,0.9444444444444444,,0.6157635467980296,0.7450924201604814,0.14676892950391643,0.17567567567567569,,0.34354550862581795,0.5566037735849056
0.9,,0.3333333333333333,0.8706896551724138,0.05,,0.16666666666666666,,0.9628886659979939,,0.9864864864864865,0.3768844221105528,0.4527067221891731,0.6886792452830188
0.9,0.0,0.3333333333333333,0.8706896551724138,0.05,0.8333333333333334,0.16666666666666666,,0.9628886659979939,,0.9864864864864865,0.3768844221105528,0.4527067221891731,0.6886792452830188
,0.0,,,0.05,,0.16666666666666666,0.7389162561576355,0.9628886659979939,0.984268276762402,0.9864864864864865,0.3768844221105528,,
0.9,0.0,0.3333333333333333,0.8706896551724138,,0.8777777777777778,0.16666666666666666,0.7213230119634061,,0.984268276762402,,,,0.6886792452830188
0.9,0.0,0.3333333333333333,0.8706896551724138,0.05,,0.16666666666666666,0.6509500351864884,0.7861422104312938,0.984268276762402,0.9864864864864865,0.3768844221105528,0.4527067221891731,0.6886792452830188
,,0.3333333333333333,,,0.8444444444444444,,,0.8836509528585756,0.2770969321148825,0.3108108108108108,0.40954773869346733,0.38720999405116,
,0.096,0.3333333333333333,,,0.8444444444444444,,,0.8575727181544633,,0.3108108108108108,,0.38720999405116,0.6320754716981132
0.84,0.096,0.3333333333333333,0.9051724137931034,,,,0.7955665024630542,0.8545636910732196,,0.3108108108108108,0.40954773869346733,0.38720999405116,
0.94,,0.2,,0.1,0.7555555555555555,0.2,,,0.14676892950391643,,,,
0.85,0.08,,0.9051724137931034,0.05,0.8444444444444444,0.1,0.633356790992259,0.9528585757271815,1.0,1.0,0.592964824120603,0.4580606781677573,0.6556603773584906
0.85,0.08,0.3333333333333333,0.9051724137931034,,0.8444444444444444,0.1,0.633356790992259,0.9628886659979939,,1.0,0.592964824120603,0.4580606781677573,0.6556603773584906
0.5,0.32,,,0.0005,1.0,0.2,0.5629838142153414,,0.14676892950391643,,0.40452261306532666,,0.5566037735849056
1.0,0.0,0.0,0.8879310344827587,,0.7777777777777778,0.26666666666666666,0.6861365235749473,0.9157472417251755,,0.5540540540540541,0.4020100502512563,0.3879238548483046,0.6886792452830188
,0.0,,,0.05,,0.26666666666666666,0.7037297677691766,0.8776328986960883,0.5053654264577894,,,0.3879238548483046,
1.0,0.0,0.0,,,0.7777777777777778,,,0.9751476651955868,0.5053654264577894,,0.4020100502512563,,0.6886792452830188
0.9,,0.16666666666666666,,,0.8333333333333334,0.4666666666666667,0.7600281491907108,0.9658976930792377,0.14676892950391643,0.17567567567567569,,0.34354550862581795,0.5566037735849056
,0.08,,0.8706896551724138,,0.8333333333333334,0.4666666666666667,0.7522871217452499,0.9749247743229689,,,,,0.5566037735849056
0.9,0.08,0.16666666666666666,,0.1,0.8333333333333334,0.4666666666666667,,,0.14676892950391643,0.17567567567567569,0.40452261306532666,0.34354550862581795,0.5566037735849056
0.9,,,0.8706896551724138,0.15,,0.4666666666666667,0.699155524278677,0.9628886659979939,0.14676892950391643,,,,
0.9,,0.16666666666666666,0.8706896551724138,0.25,0.8333333333333334,0.4666666666666667,0.6446164672765657,0.9348044132397192,0.14676892950391643,,0.40452261306532666,0.34354550862581795,
0.8,0.16,,,0.25,0.8888888888888888,0.25,0.6579873328641802,0.7509158491474422,0.12505439512619668,0.14864864864864866,,0.2949434860202261,0.8773584905660378
0.8,0.16,0.3333333333333333,,0.5,0.8888888888888888,0.25,0.6720619282195637,,0.12505439512619668,0.14864864864864866,,0.2949434860202261,
0.8,,0.3333333333333333,0.8620689655172413,0.75,0.8888888888888888,,0.6298381421534132,0.6668048839518556,0.12505439512619668,,0.23366834170854273,0.2949434860202261,0.8773584905660378
0.94,0.0,0.2,,,0.7555555555555555,,0.8092892329345531,0.9157908508525576,0.13220735422106178,0.16216216216216217,0.3291457286432161,0.43884592504461634,0.6839622641509434
0.92,0.0576,0.14666666666666667,0.8706896551724138,,0.8333333333333334,0.16666666666666666,0.7565095003518649,0.8957103869608827,,0.17567567567567569,0.40452261306532666,0.34354550862581795,
,0.0576,0.14666666666666667,0.8706896551724138,0.05,0.8555555555555555,0.16666666666666666,0.7565095003518649,0.9890135522567703,0.5053654264577894,0.5540540540540541,,,
0.9,0.16,0.0,0.9051724137931034,,,0.3333333333333333,,,0.5053654264577894,0.5540540540540541,,0.3879238548483046,0.6886792452830188
0.9,,,0.9051724137931034,,0.8555555555555555,0.3333333333333333,0.6755805770584096,0.9455449682046139,,0.5540540540540541,0.4020100502512563,0.3879238548483046,0.6886792452830188
,0.16,0.0,0.9051724137931034,0.1,0.8555555555555555,0.3333333333333333,0.6157635467980296,0.8138701819458375,0.5053654264577894,,,0.3879238548483046,0.6886792452830188
,0.16,0.3333333333333333,,0.25,0.8611111111111112,,0.6904379134412386,0.9558676028084252,0.4346388163620539,0.47297297297297297,0.7437185929648241,0.678108268887567,
0.8,0.16,0.3333333333333333,0.9051724137931034,0.25,0.8611111111111112,,0.7066589232934554,0.9638916750250751,,0.22972972972972974,0.7939698492462312,0.7443188578227246,
0.8,,0.3333333333333333,0.9051724137931034,0.25,0.8611111111111112,0.25,0.6899311435608726,,0.10333986074847694,0.12162162162162163,1.0,,
0.92,,,,0.05,0.8666666666666667,0.16666666666666666,0.6688951442646024,,1.0,,0.592964824120603,0.4580606781677573,
0.92,0.064,,0.8620689655172413,0.1,0.8666666666666667,,0.6591836734693878,0.9048175807422266,1.0,,0.592964824120603,0.4580606781677573,0.6556603773584906
0.92,0.064,0.13333333333333333,0.8620689655172413,0.025,,,0.6565798733286418,0.9030306353059178,1.0,,,0.4580606781677573,0.6556603773584906
0.92,,0.13333333333333333,0.8620689655172413,0.0125,0.8666666666666667,0.16666666666666666,0.6608374384236454,0.8544882824473421,1.0,,0.592964824120603,,0.6556603773584906
,,0.625,1.0,0.125,1.0,0.13333333333333333,0.7628430682617875,0.8655967903711133,,0.17567567567567569,0.40452261306532666,,
0.95,0.032,,0.8706896551724138,0.05,0.7555555555555555,,0.7906403940886699,0.872617853560682,0.14676892950391643,0.17567567567567569,0.40452261306532666,,0.5566037735849056
,,0.1,,,,0.16666666666666666,0.782899366643209,0.8508672083249749,0.14676892950391643,0.17567567567567569,0.40452261306532666,0.34354550862581795,0.5566037735849056
0.95,,0.1,,,0.8111111111111111,0.16666666666666666,0.7600281491907108,0.8265537353059178,0.14676892950391643,0.17567567567567569,0.40452261306532666,0.34354550862581795,
0.95,0.032,0.1,,0.05,0.8333333333333334,0.16666666666666666,,0.7422266800401204,0.14676892950391643,0.17567567567567569,0.40452261306532666,0.34354550862581795,0.5566037735849056
0.8,,0.3333333333333333,0.9051724137931034,0.025,0.8333333333333334,,,,,0.5540540540540541,0.4020100502512563,,0.6886792452830188
0.8,,0.3333333333333333,0.9051724137931034,0.025,,0.3333333333333333,,,0.5053654264577894,0.5540540540540541,,0.3879238548483046,0.6886792452830188
,0.024,0.15,,0.005,0.7555555555555555,0.4,,0.8025075225677032,0.379259138381201,0.4189189189189189,0.4547738693467337,0.34431885782272453,
,0.024,0.15,0.8879310344827587,0.0125,0.7555555555555555,0.4,,0.9037111334002005,0.379259138381201,0.4189189189189189,,0.34431885782272453,0.6415094339622641
0.8,0.16,0.3333333333333333,0.9051724137931034,,,0.2,0.665024630541872,,0.13220735422106178,0.16216216216216217,,0.43884592504461634,0.6839622641509434
0.8,,0.3333333333333333,,,0.8666666666666667,,0.7420830401125968,0.812774977331996,0.13220735422106178,,0.3291457286432161,0.43884592504461634,0.6839622641509434
0.95,0.0,0.13333333333333333,,0.05,0.8888888888888888,0.16666666666666666,0.633356790992259,,0.14676892950391643,,0.40452261306532666,,
0.95,,0.13333333333333333,0.8706896551724138,0.05,0.8888888888888888,0.16666666666666666,0.6685432793807178,0.641925777331996,0.2603731505657093,0.2972972972972973,,0.39190957763236167,0.6933962264150944
,0.0,0.13333333333333333,,0.05,0.8888888888888888,0.16666666666666666,,0.7422266800401204,0.984268276762402,0.9864864864864865,0.3768844221105528,0.4527067221891731,
0.95,,0.13333333333333333,0.8706896551724138,,0.8888888888888888,0.16666666666666666,0.7037297677691766,0.7923771313941825,0.6623150565709313,0.6891891891891891,0.5150753768844221,,
0.95,,0.13333333333333333,0.8706896551724138,,0.8888888888888888,,0.724841660802252,,0.5053654264577894,0.5540540540540541,0.4020100502512563,0.3879238548483046,
,0.0,0.13333333333333333,0.8706896551724138,0.05,,0.16666666666666666,0.7916959887403238,0.8324974924774323,1.0,1.0,0.592964824120603,0.4580606781677573,0.6556603773584906
0.95,0.0,0.13333333333333333,0.8706896551724138,0.05,,0.16666666666666666,,,,0.5675675675675675,,0.40707911957168347,0.6556603773584906
0.95,0.0,0.13333333333333333,,0.05,,0.16666666666666666,0.7741027445460943,0.802407221664995,0.14676892950391643,0.17567567567567569,0.40452261306532666,,0.5566037735849056
0.94,0.032,0.1,,0.05,0.7777777777777778,0.16666666666666666,0.8022519352568614,,0.5219212358572672,0.5675675675675675,0.542713567839196,0.40707911957168347,0.6556603773584906
0.95,0.0,0.13333333333333333,0.8706896551724138,0.05,,0.5,0.7565095003518649,,0.14676892950391643,0.17567567567567569,0.40452261306532666,,
0.95,0.0,,0.8706896551724138,0.05,0.7777777777777778,,,,0.14676892950391643,,0.40452261306532666,0.34354550862581795,0.5566037735849056
0.95,0.0,0.13333333333333333,0.8706896551724138,0.05,0.7777777777777778,0.16666666666666666,0.8163265306122449,0.9127382146439318,0.5219212358572672,,,,
0.95,0.0,0.13333333333333333,0.8706896551724138,,0.7777777777777778,0.5,0.8163265306122449,,0.5219212358572672,0.5675675675675675,,0.40707911957168347,0.6556603773584906
,0.0,0.13333333333333333,,0.05,0.7777777777777778,1.0,0.8163265306122449,0.8746238716148446,,0.5675675675675675,0.542713567839196,0.40707911957168347,
0.95,,0.13333333333333333,,0.05,0.8333333333333334,0.16666666666666666,,,0.14676892950391643,0.17567567567567569,0.40452261306532666,0.34354550862581795,0.5566037735849056
0.95,0.0,0.13333333333333333,,0.05,0.8333333333333334,,,0.892678034102307,0.5219212358572672,0.5675675675675675,0.542713567839196,0.40707911957168347,0.6556603773584906
0.99,0.0,0.0,0.8706896551724138,0.05,0.8555555555555555,,0.8022519352568614,,1.0,1.0,,0.4580606781677573,0.6556603773584906
0.985,0.0,0.0,0.8706896551724138,0.075,0.8777777777777778,0.16666666666666666,,0.9378134403209628,1.0,1.0,,,0.6556603773584906
,0.0,0.0,,0.1,0.9,0.16666666666666666,0.720619282195637,0.9578736208625878,1.0,,,0.4580606781677573,0.6556603773584906
,,,0.9482758620689655,,0.8666666666666667,,0.6439127375087966,0.9759277833500501,,0.527027027027027,0.3065326633165829,0.35693039857227843,1.0
,0.16,0.3333333333333333,,0.1,0.8666666666666667,0.25,0.6403940886699507,0.9979939819458374,0.48360449303742387,0.527027027027027,0.3065326633165829,0.35693039857227843,
0.8,,0.3333333333333333,0.9482758620689655,0.15,0.8666666666666667,0.25,0.6228008444757214,0.9969909729187563,0.48360449303742387,,,0.35693039857227843,1.0
0.8,,0.3333333333333333,0.9482758620689655,0.2,0.8666666666666667,0.25,0.6087262491203378,,0.48360449303742387,,0.3065326633165829,0.35693039857227843,1.0
0.88,,0.3333333333333333,0.8706896551724138,0.1,0.8,,0.7389162561576355,0.921765295887663,,,0.40452261306532666,,0.5566037735849056
0.86,0.0,,0.8706896551724138,0.2,0.8,,0.7283603096410979,0.9287863590772316,0.14676892950391643,0.17567567567567569,,,0.5566037735849056
0.84,0.0,0.3333333333333333,0.8706896551724138,0.3,,0.16666666666666666,,0.9478435305917753,0.14676892950391643,,,0.34354550862581795,0.5566037735849056
0.9434999999999999,0.02912,0.09666666666666666,0.8706896551724138,,0.7555555555555555,0.16666666666666666,0.7906403940886699,0.872617853560682,0.14676892950391643,,0.40452261306532666,0.34354550862581795,
0.9434999999999999,0.02912,,0.8706896551724138,0.0465,,0.16666666666666666,0.7741027445460943,0.8605817452357071,,0.17567567567567569,0.40452261306532666,0.34354550862581795,
0.9434999999999999,0.02912,,0.8706896551724138,0.0465,0.8111111111111111,0.16666666666666666,0.7635467980295567,0.8224674022066198,0.14676892950391643,,0.40452261306532666,0.34354550862581795,0.5566037735849056
0.9434999999999999,0.02912,0.09666666666666666,,0.0465,0.8333333333333334,,0.742786769880366,,0.14676892950391643,0.17567567567567569,,0.34354550862581795,0.5566037735849056
0.92,0.0528,0.13333333333333333,0.8706896551724138,,,0.16666666666666666,,0.8956870611835506,0.14676892950391643,0.17567567567567569,0.40452261306532666,0.34354550862581795,0.5566037735849056
0.92,0.0528,,,0.034999999999999996,,0.16666666666666666,0.7670654468684026,,0.5053654264577894,0.5540540540540541,,0.3879238548483046,
0.94,0.048,0.1,0.8879310344827587,,,0.4,,0.7943831494483451,0.49621409921671017,0.5405405405405406,,,0.7547169811320755
0.94,,,0.8879310344827587,0.005,0.7555555555555555,0.4,0.7916959887403238,0.8465396188565697,,,0.4547738693467337,0.34431885782272453,
0.8,0.272,,0.9051724137931034,0.15,,,0.525686136523575,0.9519558676028084,0.14676892950391643,0.17567567567567569,,0.34354550862581795,0.5566037735849056
0.8,,0.0,0.9051724137931034,0.25,0.8666666666666667,,0.5946516537649543,0.9498495486459378,0.14676892950391643,0.17567567567567569,0.40452261306532666,0.34354550862581795,
0.8,,0.0,,0.5,0.8666666666666667,0.2,,,,0.17567567567567569,0.40452261306532666,0.34354550862581795,0.5566037735849056
0.8,0.24,0.16666666666666666,,0.025,0.8555555555555555,0.16666666666666666,0.7142857142857143,0.9588766298896689,,0.12162162162162163,1.0,1.0,0.3018867924528302
,0.24,,0.8706896551724138,,0.8555555555555555,0.16666666666666666,,1.0,0.10333986074847694,,1.0,1.0,0.3018867924528302
0.8,,0.16666666666666666,0.8706896551724138,0.1,,0.16666666666666666,0.6685432793807178,0.9679037111334001,0.10333986074847694,,1.0,,
0.9,,0.16666666666666666,0.896551724137931,0.025,,0.16666666666666666,0.7213230119634061,,0.5219212358572672,0.5675675675675675,0.542713567839196,0.40707911957168347,0.6556603773584906
,0.08,0.16666666666666666,0.896551724137931,,,,,0.9157472417251755,0.5219212358572672,,,,0.6556603773584906
0.9,0.08,0.16666666666666666,0.896551724137931,0.075,0.8444444444444444,0.16666666666666666,0.6509500351864884,,0.5219212358572672,,,0.40707911957168347,0.6556603773584906
0.94651,0.0,0.12940000000000002,0.8706896551724138,0.0187,,0.16666666666666666,0.6966924700914849,0.8716148445336008,0.5053654264577894,0.5540540540540541,0.4020100502512563,0.3879238548483046,0.6886792452830188
0.95658,0.0,0.12906666666666666,0.8706896551724138,,,0.16666666666666666,,,0.5053654264577894,,0.4020100502512563,0.3879238548483046,
,0.0,,0.8706896551724138,0.0283,0.7777777777777778,,0.7389162561576355,0.831494483450351,0.5053654264577894,0.5540540540540541,0.4020100502512563,0.3879238548483046,
,0.0,0.0,0.8706896551724138,,,0.16666666666666666,,,0.14676892950391643,0.17567567567567569,0.40452261306532666,,0.5566037735849056
,0.0,,0.8706896551724138,0.2152,0.7555555555555555,0.16666666666666666,0.7705840957072484,,,0.17567567567567569,0.40452261306532666,,0.5566037735849056
0.9925400000000001,,0.0,0.8706896551724138,0.0373,0.7222222222222222,,0.7741027445460943,0.876629889669007,,0.2972972972972973,0.3869346733668342,,0.6933962264150944
0.9925400000000001,,,0.8706896551724138,0.0373,,,,0.8676028084252758,0.2603731505657093,0.2972972972972973,0.3869346733668342,,
0.9925400000000001,0.0,0.0,0.8706896551724138,,0.7777777777777778,,0.8198451794510908,,0.2603731505657093,0.2972972972972973,0.3869346733668342,0.39190957763236167,0.6933962264150944
0.99,0.0,0.0,0.8706896551724138,,,,,0.8856569709127382,0.2603731505657093,0.2972972972972973,0.3869346733668342,0.39190957763236167,
0.98,,,0.8706896551724138,,0.7222222222222222,,0.8057705840957072,0.8345035105315948,0.14676892950391643,0.17567567567567569,0.40452261306532666,0.34354550862581795,
0.94,,0.0,0.8706896551724138,0.3,0.7222222222222222,0.16666666666666666,0.7107670654468684,0.8074222668004012,,0.17567567567567569,,0.34354550862581795,0.5566037735849056
0.986,0.0,,,,0.7222222222222222,0.16666666666666666,0.7424349049964813,0.892678034102307,0.49621409921671017,0.5405405405405406,0.3341708542713568,0.38078524687685905,0.7547169811320755
0.9,0.112,,0.8706896551724138,0.05,0.8111111111111111,0.16666666666666666,0.7389162561576355,0.9791374122367101,0.984268276762402,0.9864864864864865,0.3768844221105528,0.4527067221891731,0.6886792452830188
0.9,0.16,,0.8706896551724138,0.05,0.8111111111111111,0.16666666666666666,0.6685432793807178,,,0.9864864864864865,0.3768844221105528,,0.6886792452830188
,0.0,,0.8706896551724138,0.05,0.8111111111111111,,,0.8596790371113339,0.14676892950391643,0.17567567567567569,0.40452261306532666,0.34354550862581795,
,0.0,0.3333333333333333,,,0.8333333333333334,,0.7389162561576355,,,,0.40452261306532666,0.34354550862581795,
0.9,,,0.8706896551724138,0.05,,0.16666666666666666,0.6509500351864884,0.7048144433299899,0.14676892950391643,,,0.34354550862581795,0.5566037735849056
,0.0,0.3333333333333333,0.8706896551724138,0.05,0.9444444444444444,0.16666666666666666,0.6157635467980296,0.745135406218656,0.14676892950391643,0.17567567567567569,,0.34354550862581795,0.5566037735849056
0.9,0.0,,0.8706896551724138,,1.0,0.16666666666666666,0.7213230119634061,0.9628886659979939,,0.9864864864864865,0.3768844221105528,0.4527067221891731,0.6886792452830188
0.9,,0.3333333333333333,0.8706896551724138,0.05,,0.16666666666666666,,,0.984268276762402,0.9864864864864865,0.3768844221105528,0.4527067221891731,0.6886792452830188
0.84,,,0.9051724137931034,0.00025,,0.25,,0.8836509528585756,,,,0.38720999405116,0.6320754716981132
0.84,0.096,0.3333333333333333,0.9051724137931034,,0.8444444444444444,,0.8043631245601689,,0.2770969321148825,,0.40954773869346733,0.38720999405116,0.6320754716981132
0.84,0.096,,0.9051724137931034,,,0.25,0.7955665024630542,,0.2770969321148825,0.3108108108108108,0.40954773869346733,0.38720999405116,
0.94,0.0,0.2,,0.1,,,,0.9785356068204614,0.14676892950391643,,0.40452261306532666,0.34354550862581795,
0.85,0.08,,0.8879310344827587,0.05,0.8444444444444444,0.1,0.633356790992259,0.9528585757271815,1.0,1.0,0.592964824120603,0.4580606781677573,
0.85,,,0.8879310344827587,0.05,1.0,,0.633356790992259,,1.0,1.0,,0.4580606781677573,
,0.32,,,0.0005,,,,0.9027081243731193,0.14676892950391643,,0.40452261306532666,0.34354550862581795,0.5566037735849056
1.0,0.0,,0.8879310344827587,0.05,0.8333333333333334,0.26666666666666666,0.633356790992259,0.9749247743229689,0.5053654264577894,0.5540540540540541,0.4020100502512563,0.3879238548483046,0.6886792452830188
0.8,,,0.8706896551724138,0.25,0.8888888888888888,0.25,,,0.12505439512619668,0.14864864864864866,,0.2949434860202261,
0.8,,,,0.5,0.8888888888888888,,0.6720619282195637,0.8297893681043129,,0.14864864864864866,0.23366834170854273,0.2949434860202261,0.8773584905660378
,0.16,0.3333333333333333,0.8706896551724138,,0.8888888888888888,0.25,,0.6668004012036108,0.12505439512619668,0.14864864864864866,0.23366834170854273,,0.8773584905660378
,,0.0,0.8879310344827587,,,0.13333333333333333,,0.7522567703109327,,0.17567567567567569,0.40452261306532666,0.34354550862581795,0.5566037735849056
,,0.03333333333333333,,0.05,0.8888888888888888,0.16666666666666666,,,,0.06756756756756757,,0.4762641284949435,0.41037735849056606
,0.016,0.03333333333333333,,0.1,,0.16666666666666666,,0.8826479438314945,0.05880113141862489,0.06756756756756757,0.5125628140703518,0.4762641284949435,0.41037735849056606
0.8,0.016,0.03333333333333333,0.8879310344827587,0.15,0.8888888888888888,0.16666666666666666,,,0.05880113141862489,0.06756756756756757,,,
0.8,0.016,0.03333333333333333,,0.2,0.8888888888888888,0.16666666666666666,0.5559465165376496,0.8324974924774323,0.05880113141862489,0.06756756756756757,0.5125628140703518,0.4762641284949435,0.41037735849056606
0.9,0.16,0.0,0.8879310344827587,0.05,,0.2,0.6544686840253343,0.8224674022066198,,0.16216216216216217,0.3291457286432161,0.43884592504461634,0.6839622641509434
0.9,0.16,0.0,0.8879310344827587,0.05,,0.2,0.7072484166080225,0.8425275827482447,,0.35135135135135137,,0.4535990481856038,0.5943396226415094
0.92,0.064,0.13333333333333333,,0.02,0.8333333333333334,0.2,,0.8956870611835506,,,0.40452261306532666,0.34354550862581795,0.5566037735849056
0.92,,0.13333333333333333,0.8879310344827587,0.04,,0.2,0.8212526389866291,0.9859578736208625,0.5053654264577894,0.5540540540540541,,0.3879238548483046,
0.85,0.0,,0.9051724137931034,,0.8333333333333334,0.2,0.6685432793807178,0.9929789368104313,,0.17567567567567569,,0.34354550862581795,0.5566037735849056
0.8,0.16,0.3333333333333333,,0.025,0.8333333333333334,0.25,,,0.12505439512619668,0.14864864864864866,0.23366834170854273,0.2949434860202261,0.8773584905660378
,0.16,0.3333333333333333,,0.05,0.8333333333333334,0.25,0.6611541168191415,0.9568706118355066,,,0.23366834170854273,,0.8773584905660378
0.8,,0.3333333333333333,0.9051724137931034,,0.8333333333333334,0.25,0.6555242786769881,0.9007021063189569,0.12505439512619668,0.14864864864864866,0.23366834170854273,0.2949434860202261,
0.6,0.56,,0.9051724137931034,0.1,0.9666666666666667,0.16666666666666666,0.6509500351864884,0.9358074222668004,,0.14864864864864866,0.23366834170854273,,0.8773584905660378
0.83,0.08,0.4,0.9051724137931034,0.036,0.8333333333333334,,0.693173821252639,0.8355065195586759,,0.16216216216216217,,0.43884592504461634,0.6839622641509434
0.83,,0.4,,0.048,,0.16666666666666666,0.7026741731175229,,0.13220735422106178,,0.3291457286432161,,0.6839622641509434
0.83,0.08,,0.9051724137931034,,0.8333333333333334,0.16666666666666666,,0.839518555667001,,0.16216216216216217,0.3291457286432161,,0.6839622641509434
0.83,0.08,,0.9051724137931034,,0.8333333333333334,0.16666666666666666,,,0.13220735422106178,0.16216216216216217,0.3291457286432161,0.43884592504461634,
0.6,0.32,0.6666666666666666,,0.05,0.9444444444444444,,0.6790992258972555,0.9207622868605817,,,,,
0.8,0.16,0.3333333333333333,0.9051724137931034,0.0025,1.0,,0.7561576354679803,0.9189568706118355,,0.2972972972972973,0.3869346733668342,0.39190957763236167,0.6933962264150944
,0.16,0.3333333333333333,,,1.0,,,0.8897693079237712,0.2603731505657093,0.2972972972972973,0.3869346733668342,0.39190957763236167,
0.9,,0.16666666666666666,0.8706896551724138,0.0025,0.8333333333333334,,0.6836734693877552,0.7231695085255766,0.3556353350739773,0.40540540540540543,,0.5392028554431886,0.6179245283018868
,,,0.8706896551724138,0.025,0.8333333333333334,0.3333333333333333,0.6699507389162562,0.9197592778335005,,0.40540540540540543,0.414572864321608,0.5392028554431886,0.6179245283018868
0.9,0.08,,0.8706896551724138,0.25,0.8333333333333334,,,0.8355065195586759,0.3556353350739773,,0.414572864321608,,0.6179245283018868
0.94,,,,0.0125,0.7555555555555555,0.4,0.838494018296974,0.8544633901705115,0.05880113141862489,0.06756756756756757,0.5125628140703518,,
0.9,0.08,,0.9310344827586207,,0.8611111111111112,0.1,,0.8605817452357071,0.5219212358572672,0.5675675675675675,,0.40707911957168347,
0.92,0.064,0.13333333333333333,0.9310344827586207,0.0125,0.8666666666666667,,0.6716748768472907,,,1.0,,0.4580606781677573,0.6556603773584906
0.92,,0.13333333333333333,0.9310344827586207,,0.8666666666666667,,,0.9141424272818455,1.0,1.0,0.592964824120603,,0.6556603773584906
,0.064,,,,0.8666666666666667,0.16666666666666666,,,1.0,1.0,0.592964824120603,0.4580606781677573,
0.92,0.064,0.13333333333333333,0.9310344827586207,0.1,,,0.667558057705841,,1.0,1.0,0.592964824120603,,
0.6,0.32,0.6666666666666666,,0.1,,,,0.9348044132397192,0.05880113141862489,0.06756756756756757,0.5125628140703518,0.4762641284949435,
0.6,,,0.8879310344827587,0.1,,,,0.9348044132397192,,,0.3869346733668342,,0.6933962264150944
0.6,0.32,0.6666666666666666,0.8879310344827587,0.1,0.8666666666666667,,0.7552779732582688,0.9348044132397192,0.49621409921671017,0.5405405405405406,0.3341708542713568,,0.7547169811320755
0.85,0.08,0.5,0.9051724137931034,,0.8222222222222222,0.25,0.6505981703026038,0.8432296890672015,0.13220735422106178,0.16216216216216217,0.3291457286432161,0.43884592504461634,
0.85,,0.5,0.9051724137931034,0.05,0.8222222222222222,,0.6418015482054892,,0.13220735422106178,,,0.43884592504461634,0.6839622641509434
0.85,,,0.9051724137931034,0.15,0.8222222222222222,,0.6365235749472203,0.8392176529588766,0.13220735422106178,0.16216216216216217,0.3291457286432161,0.43884592504461634,0.6839622641509434
,0.08,,0.9051724137931034,0.25,0.8222222222222222,0.25,0.5763546798029557,,0.13220735422106178,0.16216216216216217,0.3291457286432161,0.43884592504461634,0.6839622641509434
1.0,0.0,,0.8706896551724138,,0.7222222222222222,0.16666666666666666,,0.7793380140421264,0.14676892950391643,0.17567567567567569,0.40452261306532666,0.34354550862581795,0.5566037735849056
1.0,,0.0,0.8706896551724138,0.05,,0.16666666666666666,0.8092892329345531,0.7432296890672015,0.14676892950391643,0.17567567567567569,0.40452261306532666,0.34354550862581795,
1.0,0.0,,0.8706896551724138,,0.7777777777777778,0.16666666666666666,0.768472906403941,0.7372116349047141,0.14676892950391643,,0.40452261306532666,0.34354550862581795,0.5566037735849056
,0.0,,,0.05,,,0.752990851513019,,,0.17567567567567569,0.40452261306532666,,
1.0,,0.0,0.8706896551724138,0.05,0.8333333333333334,0.16666666666666666,,0.44232698094282846,0.14676892950391643,0.17567567567567569,0.40452261306532666,0.34354550862581795,
1.0,0.0,,0.8706896551724138,0.05,0.7222222222222222,0.16666666666666666,0.82899366643209,0.8134403209628885,0.5053654264577894,,0.4020100502512563,,0.6886792452830188
1.0,0.0,0.0,0.8706896551724138,,0.7555555555555555,0.16666666666666666,,,,0.5540540540540541,0.4020100502512563,,0.6886792452830188
1.0,0.0,0.0,,,0.7777777777777778,0.16666666666666666,,0.8335005015045135,0.5053654264577894,,,0.3879238548483046,0.6886792452830188
1.0,0.0,0.0,,,0.8111111111111111,,,0.8164493480441324,0.5053654264577894,0.5540540540540541,,,
1.0,,,0.8706896551724138,,0.8333333333333334,,,0.8114343029087262,0.5053654264577894,0.5540540540540541,,0.3879238548483046,0.6886792452830188
1.0,0.0,0.0,0.8706896551724138,0.05,0.8555555555555555,,0.7579169598874033,0.8094282848545638,,0.5540540540540541,,0.3879238548483046,
1.0,0.0,,0.8706896551724138,,0.8888888888888888,,0.7322308233638283,0.6780341023069207,0.5053654264577894,0.5540540540540541,0.4020100502512563,0.3879238548483046,0.6886792452830188
1.0,0.0,0.0,0.8706896551724138,,0.7222222222222222,0.16666666666666666,0.8282899366643209,,0.984268276762402,,0.3768844221105528,0.4527067221891731,0.6886792452830188
1.0,,,0.8706896551724138,0.15,0.7555555555555555,0.16666666666666666,0.8430682617874736,0.8565697091273822,0.984268276762402,0.9864864864864865,,0.4527067221891731,0.6886792452830188
1.0,,0.0,0.8706896551724138,0.15,0.7777777777777778,,,0.872617853560682,0.984268276762402,0.9864864864864865,0.3768844221105528,0.4527067221891731,0.6886792452830188
,,0.0,0.8706896551724138,,,0.16666666666666666,0.8367346938775511,,0.984268276762402,,0.3768844221105528,,
,,,0.8706896551724138,0.15,0.8333333333333334,0.16666666666666666,,,,,0.3768844221105528,0.4527067221891731,
1.0,0.0,0.0,,0.15,0.8555555555555555,0.16666666666666666,0.7301196340605208,0.802407221664995,0.984268276762402,0.9864864864864865,0.3768844221105528,0.4527067221891731,
1.0,0.0,0.0,,0.15,,0.16666666666666666,0.7030260380014075,0.6409227683049147,,,,,
,,0.0,0.8706896551724138,0.05,0.7222222222222222,0.16666666666666666,0.8106966924700916,0.8004012036108324,0.5219212358572672,0.5675675675675675,,,0.6556603773584906
1.0,0.0,0.0,0.8706896551724138,0.05,0.7555555555555555,0.16666666666666666,0.8321604503870514,0.8335005015045135,0.5219212358572672,0.5675675675675675,0.542713567839196,0.40707911957168347,0.6556603773584906
1.0,0.0,,,,0.7777777777777778,0.16666666666666666,,0.8294884653961886,0.5219212358572672,0.5675675675675675,0.542713567839196,0.40707911957168347,0.6556603773584906
1.0,0.0,0.0,0.8706896551724138,0.05,0.8111111111111111,0.16666666666666666,0.8159746657283604,,,0.5675675675675675,0.542713567839196,0.40707911957168347,0.6556603773584906
1.0,,0.0,,0.05,,0.16666666666666666,,,,,,0.40707911957168347,0.6556603773584906
1.0,,,,0.05,0.8555555555555555,0.16666666666666666,,0.7733199598796389,0.5219212358572672,0.5675675675675675,0.542713567839196,0.40707911957168347,0.6556603773584906
,0.0,,0.8706896551724138,,,0.16666666666666666,0.7762139338494018,0.7552657973921765,,0.5675675675675675,0.542713567839196,0.40707911957168347,0.6556603773584906
,0.064,0.16666666666666666,0.8793103448275862,0.05,0.8333333333333334,0.2,0.6509500351864884,0.9528585757271815,0.13220735422106178,0.16216216216216217,0.3291457286432161,0.43884592504461634,0.6839622641509434
0.9,,0.16666666666666666,0.8793103448275862,,0.8333333333333334,,0.6826178747361014,0.9628886659979939,0.13220735422106178,,0.3291457286432161,,0.6839622641509434
,0.048,0.16666666666666666,0.8793103448275862,0.05,0.8333333333333334,0.2,0.6157635467980296,0.9729187562688064,0.13220735422106178,,0.3291457286432161,0.43884592504461634,0.6839622641509434
,,,0.8793103448275862,0.05,,,,0.9829488465396188,0.13220735422106178,0.16216216216216217,,0.43884592504461634,0.6839622641509434
0.8,0.064,0.13333333333333333,0.9051724137931034,0.1,0.8888888888888888,0.16666666666666666,0.6115411681914146,0.9227683049147442,0.49621409921671017,0.5405405405405406,0.3341708542713568,,0.7547169811320755
0.9,,0.16666666666666666,,0.15,0.8111111111111111,,0.7037297677691766,0.9689067201604814,0.6623150565709313,,0.5150753768844221,0.496133254015467,0.660377358490566
0.9,0.08,,,0.25,0.8,0.25,0.6403940886699507,0.8425275827482447,,,,0.34354550862581795,0.5566037735849056
0.8,0.24,0.16666666666666666,0.9051724137931034,,,0.2,0.6495425756509501,0.9098294884653961,,,0.23366834170854273,0.2949434860202261,0.8773584905660378
0.8,0.24,0.16666666666666666,,0.1,,0.2,,0.8891675025075226,0.12505439512619668,0.14864864864864866,0.23366834170854273,,0.8773584905660378
0.8,,0.16666666666666666,0.9051724137931034,0.25,0.8333333333333334,0.2,0.6396903589021816,0.8768304914744233,0.12505439512619668,0.14864864864864866,0.23366834170854273,0.2949434860202261,0.8773584905660378
0.9,0.08,0.16666666666666666,0.9051724137931034,,,0.2,0.6840253342716397,0.9578736208625878,0.10333986074847694,,1.0,1.0,0.3018867924528302
0.9,0.08,,0.9051724137931034,0.1,0.8333333333333334,0.2,0.6685432793807178,,0.10333986074847694,,1.0,,
0.9,0.08,,0.9051724137931034,0.2,0.8333333333333334,,0.633356790992259,0.8525576730190572,0.10333986074847694,0.12162162162162163,,1.0,
0.7,0.48,0.0,,,,0.16666666666666666,0.6685432793807178,,,0.22972972972972974,0.7939698492462312,0.7443188578227246,0.4669811320754717
0.8,,0.03333333333333333,,0.1,0.8888888888888888,0.2,0.5261083743842365,,,0.2702702702702703,0.25125628140703515,0.35086258179654967,0.9150943396226415
0.8,0.016,0.03333333333333333,0.9051724137931034,,0.8888888888888888,0.2,0.531984517945109,0.7797392176529588,0.21800478677110532,0.2702702702702703,0.25125628140703515,0.35086258179654967,
0.8,0.016,0.03333333333333333,0.9051724137931034,0.3,0.8888888888888888,0.2,0.5285010555946517,,,0.2702702702702703,,,0.9150943396226415
0.8,0.016,0.03333333333333333,0.9051724137931034,0.4,0.8888888888888888,,0.4993314567206193,0.675727181544634,0.21800478677110532,0.2702702702702703,,0.35086258179654967,
,,0.03333333333333333,,0.05,,0.2,,0.7622868605817452,0.13220735422106178,0.16216216216216217,,0.43884592504461634,0.6839622641509434
0.8,0.016,0.03333333333333333,,0.15,0.8666666666666667,,,0.8124373119358074,,0.16216216216216217,,,
0.8,0.016,0.03333333333333333,0.9051724137931034,0.25,,,0.6372273047149895,0.9027081243731193,0.13220735422106178,0.16216216216216217,0.3291457286432161,,
0.8,0.016,0.03333333333333333,,0.3,0.8666666666666667,0.2,0.5939479239971851,0.7422266800401204,0.13220735422106178,0.16216216216216217,0.3291457286432161,0.43884592504461634,0.6839622641509434
0.815,,0.11666666666666667,0.9051724137931034,,0.8333333333333334,,0.6748768472906405,,0.49621409921671017,,0.3341708542713568,,
0.815,,0.11666666666666667,,0.05,0.8333333333333334,0.2,,,0.49621409921671017,0.5405405405405406,0.3341708542713568,0.38078524687685905,0.7547169811320755
0.815,,0.11666666666666667,0.9051724137931034,,,0.2,0.5767065446868403,,0.49621409921671017,,,0.38078524687685905,0.7547169811320755
0.88,,0.31666666666666665,0.9051724137931034,0.05,0.8444444444444444,0.26666666666666666,0.6762843068261787,0.8370110330992979,0.14676892950391643,0.17567567567567569,0.40452261306532666,0.34354550862581795,0.5566037735849056
,0.04,0.31666666666666665,0.9051724137931034,0.1,0.8444444444444444,0.26666666666666666,0.6685432793807178,0.9184553660982948,0.14676892950391643,0.17567567567567569,,0.34354550862581795,0.5566037735849056
,0.04,0.31666666666666665,0.9051724137931034,0.15,,,0.6625615763546798,0.8682046138415246,0.14676892950391643,0.17567567567567569,,,0.5566037735849056
0.9,0.08,,0.8706896551724138,0.02,,0.16666666666666666,,0.872617853560682,0.05880113141862489,0.06756756756756757,0.5125628140703518,0.4762641284949435,0.41037735849056606
0.9,0.08,0.16666666666666666,0.8706896551724138,0.05,,0.16666666666666666,0.8339197748064744,0.9127382146439318,0.05880113141862489,,0.5125628140703518,0.4762641284949435,
1.0,,0.0,0.9051724137931034,0.25,0.8888888888888888,0.2,0.6122448979591837,,0.28283289817232377,0.32432432432432434,0.41708542713567837,,0.6037735849056604
1.0,,,0.9051724137931034,0.5,,,0.6509500351864884,0.9538615847542627,0.28283289817232377,0.32432432432432434,0.41708542713567837,0.3883997620464009,
,,0.0,0.9051724137931034,0.75,,,0.5805770584095707,,0.28283289817232377,,0.41708542713567837,0.3883997620464009,0.6037735849056604
1.0,,,0.9051724137931034,1.0,0.8888888888888888,,0.5453905700211119,0.905717151454363,,,,,
0.8,,0.03333333333333333,,,,0.2,,,0.7621627502175806,,0.28140703517587945,,
,0.016,0.03333333333333333,0.9051724137931034,0.05,0.8333333333333334,0.2,0.6924700914848699,0.9949849548645938,,,0.28140703517587945,0.31790600832837596,0.8584905660377359
0.8,0.016,0.03333333333333333,0.9051724137931034,0.1,0.8333333333333334,0.2,0.7005629838142153,,0.7621627502175806,,0.28140703517587945,0.31790600832837596,
0.897,,0.16666666666666666,0.8706896551724138,0.15,0.8333333333333334,,0.7892329345531317,,0.6457245430809399,0.6756756756756757,0.4924623115577889,0.4215348007138608,0.660377358490566
,0.0,,0.9051724137931034,0.15,,,0.6864883884588319,0.7873620862587764,0.2603731505657093,,0.3869346733668342,,
,,,0.9051724137931034,0.25,0.8333333333333334,0.2,,0.9819458375125376,,0.2972972972972973,0.3869346733668342,0.39190957763236167,
,0.0,,0.9051724137931034,0.35,0.8333333333333334,0.2,0.6727656579873329,,,0.2972972972972973,,,0.6933962264150944
0.9,0.0,,,,0.8333333333333334,0.2,0.666783954961295,,0.2603731505657093,,0.3869346733668342,0.39190957763236167,0.6933962264150944
,,,0.9310344827586207,,,0.25,0.5629838142153414,0.9127382146439318,0.5053654264577894,0.5540540540540541,0.4020100502512563,,
0.6,0.32,0.6666666666666666,0.9310344827586207,0.05,0.9666666666666667,0.25,,0.9127382146439318,,0.5540540540540541,0.4020100502512563,,0.6886792452830188
,0.32,,0.9310344827586207,0.1,0.9666666666666667,,,,,0.5540540540540541,0.4020100502512563,0.3879238548483046,
,0.16,0.3333333333333333,0.9051724137931034,0.075,,,,,0.13220735422106178,0.16216216216216217,,,0.6839622641509434
,,0.3333333333333333,0.9051724137931034,0.075,,0.16666666666666666,0.6966924700914849,0.9027081243731193,0.14676892950391643,,,,0.5566037735849056
0.8,0.16,0.3333333333333333,,,0.8333333333333334,0.16666666666666666,,0.8525576730190572,0.1527714316797215,0.1891891891891892,,,
0.8,0.16,0.3333333333333333,,0.075,0.8333333333333334,0.16666666666666666,0.665024630541872,0.8625877632898696,0.2603731505657093,0.2972972972972973,0.3869346733668342,0.39190957763236167,0.6933962264150944
,,0.3333333333333333,0.9051724137931034,0.075,0.8333333333333334,0.16666666666666666,0.6790992258972555,0.9227683049147442,0.49621409921671017,0.5405405405405406,,0.38078524687685905,0.7547169811320755
,0.16,0.3333333333333333,0.9051724137931034,0.075,0.8333333333333334,0.16666666666666666,,0.9428284854563691,0.984268276762402,,,0.4527067221891731,0.6886792452830188
0.94,,0.2,0.8706896551724138,0.001,0.7555555555555555,,0.8092892329345531,0.9157472417251755,,,,0.43884592504461634,0.6839622641509434
0.92,0.0576,,,0.05,,0.16666666666666666,0.7565095003518649,0.8956870611835506,0.14676892950391643,,,0.34354550862581795,0.5566037735849056
,,0.14666666666666667,0.8706896551724138,0.05,,,0.7565095003518649,0.9889669007021062,0.5053654264577894,,,0.3879238548483046,0.6886792452830188
0.9,0.16,,,0.025,,0.3333333333333333,0.6861365235749473,0.694383149448345,0.5053654264577894,0.5540540540540541,0.4020100502512563,0.3879238548483046,0.6886792452830188
0.9,0.16,0.0,0.9051724137931034,0.05,0.8555555555555555,0.3333333333333333,,,,,,0.3879238548483046,0.6886792452830188
0.9,,0.0,0.9051724137931034,0.1,0.8555555555555555,0.3333333333333333,,0.8138415245737212,,0.5540540540540541,0.4020100502512563,0.3879238548483046,0.6886792452830188
,0.16,0.3333333333333333,0.9051724137931034,0.25,0.8611111111111112,0.25,,,0.10333986074847694,0.12162162162162163,,1.0,0.3018867924528302
0.8,0.112,0.3333333333333333,,,,,0.5277973258268825,0.8358074222668004,0.13220735422106178,0.16216216216216217,,,0.6839622641509434
0.8,0.112,0.3333333333333333,0.9051724137931034,0.15,,0.2,,0.414543630892678,,0.3918918918918919,0.4773869346733668,0.44348602022605593,0.6037735849056604
0.9,0.08,0.16666666666666666,0.896551724137931,0.025,0.8444444444444444,0.16666666666666666,,0.7131394182547642,0.5219212358572672,,0.542713567839196,,0.6556603773584906
0.9,0.08,0.16666666666666666,0.896551724137931,0.05,0.8444444444444444,0.16666666666666666,,,,0.5675675675675675,0.542713567839196,0.40707911957168347,0.6556603773584906
0.9,0.08,,,0.075,0.8444444444444444,,,,,,0.542713567839196,0.40707911957168347,
,0.224,0.3,0.9051724137931034,0.05,,0.2,,0.9398194583751254,0.14676892950391643,0.17567567567567569,,0.34354550862581795,0.5566037735849056
0.75,0.224,0.3,0.9051724137931034,,,,,0.9528585757271815,,0.17567567567567569,0.40452261306532666,0.34354550862581795,
0.9,0.0,0.3333333333333333,0.8793103448275862,,0.8111111111111111,0.16666666666666666,0.7037297677691766,,0.7555780570060923,,0.2763819095477387,0.3201070791195717,0.8820754716981132
,0.08,0.4,0.9051724137931034,0.05,0.8111111111111111,,0.49261083743842365,0.9368104312938816,0.5053654264577894,0.5540540540540541,0.4020100502512563,0.3879238548483046,
0.899,0.08,0.16666666666666666,0.8706896551724138,0.025,,0.16666666666666666,0.7037297677691766,,1.0,1.0,0.592964824120603,0.4580606781677573,0.6556603773584906
,,0.15666666666666668,0.8706896551724138,0.05,,0.16666666666666666,0.7037297677691766,0.9779338014042126,1.0,1.0,,0.4580606781677573,0.6556603773584906
0.8,0.16,,0.9051724137931034,,0.8666666666666667,,0.7389162561576355,0.9077231695085255,,0.16216216216216217,0.3291457286432161,0.43884592504461634,
0.8,0.16,,0.9051724137931034,0.125,0.8888888888888888,0.2,0.21815622800844475,0.8084252758274824,0.24453872932985204,0.28378378378378377,,0.37662105889351577,0.7641509433962265
0.8,,0.3333333333333333,0.9051724137931034,0.25,0.8888888888888888,0.2,0.23926812104152007,0.8846539618856569,,,,0.37662105889351577,0.7641509433962265
0.8,,0.3333333333333333,0.9051724137931034,0.375,0.8888888888888888,,,0.9358074222668004,0.24453872932985204,0.28378378378378377,0.3417085427135679,0.37662105889351577,0.7641509433962265
0.9,,0.26666666666666666,,0.1,,0.25,,0.827482447342026,,0.16216216216216217,0.3291457286432161,0.43884592504461634,0.6839622641509434
,0.032,,0.9051724137931034,,,0.25,,,0.984268276762402,0.9864864864864865,,,0.6886792452830188
0.9,0.08,0.16666666666666666,,0.02,,0.16666666666666666,0.7565095003518649,0.9327983951855566,0.05880113141862489,0.06756756756756757,,0.4762641284949435,
0.9,,0.16666666666666666,0.8706896551724138,0.05,,,0.7741027445460943,0.9578736208625878,0.05880113141862489,0.06756756756756757,0.5125628140703518,0.4762641284949435,0.41037735849056606
,,,,0.0125,0.8666666666666667,0.16666666666666666,0.7037297677691766,0.8845536609829489,1.0,1.0,0.592964824120603,0.4580606781677573,
0.92,0.064,0.13333333333333333,,,0.8666666666666667,0.16666666666666666,,0.9030090270812438,,1.0,0.592964824120603,,0.6556603773584906
0.92,0.064,0.13333333333333333,,0.05,0.8666666666666667,,0.7037297677691766,0.9425275827482447,1.0,,0.592964824120603,0.4580606781677573,0.6556603773584906
0.92,,0.13333333333333333,,0.1,,0.16666666666666666,0.7037297677691766,,1.0,1.0,0.592964824120603,0.4580606781677573,
0.9,,,,0.025,,0.25,0.7389162561576355,0.9380140421263791,,0.7027027027027027,0.5276381909547739,,0.660377358490566
0.9,0.0,0.3333333333333333,,0.05,,,,0.9529588766298897,0.6940818102697998,0.7027027027027027,,0.5171326591314693,0.660377358490566
,,0.3333333333333333,0.9051724137931034,,0.8333333333333334,0.25,0.7389162561576355,0.9580742226680039,0.6940818102697998,0.7027027027027027,,0.5171326591314693,0.660377358490566
0.94,0.024,0.15,0.8879310344827587,0.005,0.7555555555555555,,0.8620689655172414,0.8595787362086259,0.379259138381201,0.4189189189189189,,0.34431885782272453,0.6415094339622641
0.94,0.024,0.15,0.8879310344827587,0.0125,0.7555555555555555,0.4,,0.9027081243731193,0.379259138381201,0.4189189189189189,0.4547738693467337,0.34431885782272453,
0.8,0.16,,0.9051724137931034,0.075,1.0,0.16666666666666666,0.633356790992259,0.8916750250752257,,0.2972972972972973,0.3869346733668342,,0.6933962264150944
0.8,,0.3333333333333333,,,,0.16666666666666666,0.7037297677691766,0.9027081243731193,,,0.3869346733668342,0.39190957763236167,0.6933962264150944
,0.16,0.3333333333333333,0.9051724137931034,0.025,0.7222222222222222,,,0.8004012036108324,,0.5540540540540541,0.4020100502512563,,0.6886792452830188
0.95,,,0.8706896551724138,0.0005,,0.16666666666666666,,0.8890672016048144,,1.0,0.592964824120603,0.4580606781677573,0.6556603773584906
0.95,0.04,0.08333333333333333,,0.0005,,0.16666666666666666,0.7565095003518649,,,0.12162162162162163,1.0,,0.3018867924528302
0.8,0.16,,0.9051724137931034,0.1,,0.2,,0.8505516549648946,,,1.0,1.0,0.3018867924528302
,0.16,0.3333333333333333,,,0.8,0.2,0.5981703026038002,0.8846539618856569,,0.12162162162162163,,1.0,
0.8,0.16,,0.9051724137931034,,0.8,0.2,,,0.10333986074847694,0.12162162162162163,1.0,,0.3018867924528302
0.8,0.16,0.3333333333333333,,0.4,,,,0.9468405215646941,0.10333986074847694,,1.0,1.0,0.3018867924528302
0.94,0.048,0.1,,,0.7555555555555555,0.4,,0.7941825476429288,,0.5405405405405406,0.3341708542713568,,
0.94,0.048,0.1,0.8879310344827587,,0.7555555555555555,0.4,0.8796622097114708,0.8465396188565697,0.379259138381201,0.4189189189189189,0.4547738693467337,0.34431885782272453,0.6415094339622641
0.9,,0.16666666666666666,0.8706896551724138,0.05,0.8888888888888888,0.5,0.7037297677691766,0.8074222668004012,0.7621627502175806,,0.28140703517587945,,
,0.08,0.16666666666666666,,,0.9444444444444444,,0.7037297677691766,,0.7621627502175806,,0.28140703517587945,0.31790600832837596,0.8584905660377359
0.8,,0.3333333333333333,0.8706896551724138,,0.8666666666666667,0.25,,0.8996990972918756,0.48360449303742387,,0.3065326633165829,0.35693039857227843,1.0
0.8,0.16,0.3333333333333333,0.8706896551724138,0.1,0.8666666666666667,0.25,0.6685432793807178,0.9237713139418254,0.48360449303742387,0.527027027027027,0.3065326633165829,0.35693039857227843,1.0
0.8,0.16,0.3333333333333333,,0.15,0.8666666666666667,0.25,0.6509500351864884,0.921765295887663,0.48360449303742387,,0.3065326633165829,,
0.8,0.16,,0.8706896551724138,0.2,,0.25,0.633356790992259,0.8916750250752257,0.48360449303742387,,0.3065326633165829,0.35693039857227843,
0.8,0.16,0.3333333333333333,0.8706896551724138,0.05,0.8666666666666667,0.25,0.7037297677691766,,,0.527027027027027,0.3065326633165829,,
,0.16,0.3333333333333333,0.8706896551724138,0.1,,0.25,0.6861365235749473,,0.48360449303742387,0.527027027027027,0.3065326633165829,,
0.8,0.16,0.3333333333333333,,0.15,0.8666666666666667,0.25,,0.9237713139418254,,0.527027027027027,0.3065326633165829,0.35693039857227843,
,0.16,0.3333333333333333,0.8706896551724138,0.2,,0.25,0.6509500351864884,0.921765295887663,0.48360449303742387,,0.3065326633165829,0.35693039857227843,1.0
0.94,0.0,,0.8879310344827587,0.1,0.7111111111111111,0.25,0.7389162561576355,,0.3556353350739773,0.40540540540540543,0.414572864321608,,0.6179245283018868
0.85,0.08,0.3333333333333333,,0.015,,0.1,0.6685432793807178,0.9729187562688064,0.5053654264577894,0.5540540540540541,0.4020100502512563,0.3879238548483046,0.6886792452830188
,0.0,0.3333333333333333,0.8706896551724138,0.025,0.8111111111111111,,0.7916959887403238,0.913741223671013,,0.06756756756756757,0.5125628140703518,0.4762641284949435,0.41037735849056606
0.9,0.0,,0.8706896551724138,0.05,0.8111111111111111,0.16666666666666666,0.7916959887403238,0.9358074222668004,,0.06756756756756757,,0.4762641284949435,0.41037735849056606
0.9,0.0,0.3333333333333333,,,0.8111111111111111,0.16666666666666666,0.8092892329345531,0.9378134403209628,,,,0.4762641284949435,0.41037735849056606
,0.0,,0.8706896551724138,,,,0.8092892329345531,,0.05880113141862489,0.06756756756756757,0.5125628140703518,0.4762641284949435,0.41037735849056606
0.9,0.0,0.3333333333333333,,0.075,0.8333333333333334,0.16666666666666666,,0.8826479438314945,0.05880113141862489,0.06756756756756757,0.5125628140703518,0.4762641284949435,0.41037735849056606
0.9,0.0,,0.8706896551724138,,0.8666666666666667,0.16666666666666666,0.8092892329345531,0.802407221664995,0.05880113141862489,0.06756756756756757,0.5125628140703518,0.4762641284949435,0.41037735849056606
0.94,,0.1,0.8879310344827587,,,,0.8268824771287826,0.8544633901705115,,0.06756756756756757,0.5125628140703518,0.4762641284949435,0.41037735849056606
0.8,0.16,0.3333333333333333,0.8793103448275862,0.025,0.8888888888888888,0.26666666666666666,0.6657283603096411,0.872617853560682,0.3456592689295039,0.3918918918918919,0.4773869346733668,0.44348602022605593,0.6037735849056604
0.8,0.16,0.3333333333333333,0.8793103448275862,0.05,0.8888888888888888,0.26666666666666666,0.7332864180154821,0.9047141424272819,0.3456592689295039,,,,0.6037735849056604
,0.16,0.3333333333333333,0.8793103448275862,0.1,,0.26666666666666666,0.6020408163265306,0.7662988966900702,,0.3918918918918919,0.4773869346733668,,0.6037735849056604
0.92,,0.13333333333333333,0.8706896551724138,,0.8333333333333334,0.16666666666666666,0.8092892329345531,,,,0.40452261306532666,0.34354550862581795,
0.92,0.064,0.13333333333333333,0.8706896551724138,0.15,0.8333333333333334,0.16666666666666666,0.7741027445460943,0.8625877632898696,,0.17567567567567569,0.40452261306532666,0.34354550862581795,0.5566037735849056
,0.064,0.13333333333333333,0.8706896551724138,0.25,0.8333333333333334,0.16666666666666666,0.7037297677691766,0.913741223671013,0.14676892950391643,,,0.34354550862581795,
0.83,,0.36666666666666664,,0.025,0.8444444444444444,,0.7353976073187896,,0.86447454308094,0.8783783783783784,,,0.8349056603773585
0.83,0.096,0.36666666666666664,,0.05,0.8444444444444444,0.3,,,0.86447454308094,0.8783783783783784,,0.3361094586555622,0.8349056603773585
0.92,0.064,,0.9051724137931034,,0.8777777777777778,,0.7037297677691766,0.7422266800401204,,,0.3869346733668342,0.39190957763236167,
,0.064,0.13333333333333333,0.9051724137931034,0.1,,0.25,0.6688951442646024,,0.2603731505657093,,,0.39190957763236167,0.6933962264150944
,0.064,0.13333333333333333,0.9051724137931034,0.15,,0.25,0.6157635467980296,0.9929789368104313,,0.2972972972972973,,0.39190957763236167,0.6933962264150944
0.85,,0.26666666666666666,0.9051724137931034,0.1,0.8333333333333334,0.16666666666666666,0.665024630541872,0.7021063189568706,0.14676892950391643,0.17567567567567569,,0.34354550862581795,
0.85,,0.2,0.9051724137931034,0.2,0.8333333333333334,0.16666666666666666,0.6403940886699507,0.7723169508525577,,0.17567567567567569,,0.34354550862581795,0.5566037735849056
0.8,0.0,0.6666666666666666,,0.0625,0.8333333333333334,,0.6403940886699507,0.9608826479438315,,0.2972972972972973,0.3869346733668342,,
0.8,,0.6666666666666666,0.9482758620689655,,0.8333333333333334,0.2,0.573539760731879,,0.2603731505657093,,0.3869346733668342,0.39190957763236167,
,,0.6666666666666666,0.9482758620689655,0.25,0.8333333333333334,0.2,0.482054890921886,0.7673019057171514,,,0.3869346733668342,,0.6933962264150944
0.995,0.0,0.0,,0.025,0.8111111111111111,,,0.6116349047141424,0.5053654264577894,0.5540540540540541,0.4020100502512563,0.3879238548483046,0.6886792452830188
0.99,0.0,0.0,0.8879310344827587,0.05,,0.26666666666666666,0.7156931738212526,0.862888665997994,0.5053654264577894,0.5540540540540541,0.4020100502512563,0.3879238548483046,0.6886792452830188
0.98,0.0,0.0,,0.1,0.8111111111111111,,,0.9799398194583752,,0.5540540540540541,0.4020100502512563,,0.6886792452830188
,0.0752,0.15666666666666668,0.8706896551724138,,0.8555555555555555,0.16666666666666666,,,1.0,1.0,,,
0.8959999999999999,,0.15666666666666668,0.8706896551724138,0.05,,0.16666666666666666,0.8268824771287826,,1.0,1.0,0.592964824120603,,0.6556603773584906
0.9,0.08,0.16666666666666666,,0.005,0.7555555555555555,0.25,0.7558057705840958,0.7582748244734202,1.0,1.0,0.592964824120603,,0.6556603773584906
,0.08,0.16666666666666666,0.9051724137931034,0.025,0.7555555555555555,0.25,0.7596762843068262,0.7883650952858575,1.0,1.0,0.592964824120603,0.4580606781677573,0.6556603773584906
0.9,0.08,,,,0.7555555555555555,0.25,0.7561576354679803,0.7743229689067201,,,,,
1.0,0.0,0.0,0.8706896551724138,0.05,,0.16666666666666666,0.8539760731878958,,1.0,1.0,0.592964824120603,0.4580606781677573,0.6556603773584906
1.0,0.0,,0.8706896551724138,0.075,0.8777777777777778,0.16666666666666666,0.830752990851513,0.9378134403209628,1.0,1.0,0.592964824120603,0.4580606781677573,0.6556603773584906
1.0,,,,,0.9,0.16666666666666666,,,,1.0,0.592964824120603,0.4580606781677573,
0.8,0.16,0.3333333333333333,0.9051724137931034,,0.8333333333333334,,0.7431386347642506,0.9067201604814443,0.984268276762402,0.9864864864864865,0.3768844221105528,0.4527067221891731,
,0.08,0.16666666666666666,,0.015,0.8333333333333334,0.16666666666666666,0.8092892329345531,0.9317953861584755,0.6457245430809399,0.6756756756756757,0.4924623115577889,0.4215348007138608,0.660377358490566
0.96,0.0,0.13333333333333333,0.8706896551724138,0.05,0.7777777777777778,,0.8092892329345531,,0.5219212358572672,,,0.40707911957168347,
0.96,0.0,0.13333333333333333,0.8706896551724138,,,0.5,0.8092892329345531,0.892678034102307,0.5219212358572672,,0.542713567839196,,0.6556603773584906
0.96,0.0,0.13333333333333333,0.8706896551724138,0.05,0.7777777777777778,1.0,,0.872617853560682,0.5219212358572672,,0.542713567839196,0.40707911957168347,0.6556603773584906
,0.0,,,0.05,0.8888888888888888,,,0.8324974924774323,,,0.592964824120603,,0.6556603773584906
0.96,,0.13333333333333333,0.8706896551724138,0.05,0.8888888888888888,0.16666666666666666,0.7037297677691766,0.7923771313941825,,,0.5150753768844221,,0.660377358490566
,0.0,0.13333333333333333,0.8706896551724138,0.05,0.8888888888888888,0.16666666666666666,0.7107670654468684,0.7823470411233701,0.5053654264577894,0.5540540540540541,,,0.6886792452830188
0.96,0.0,0.13333333333333333,0.8706896551724138,0.05,0.8888888888888888,0.16666666666666666,0.7213230119634061,0.7422266800401204,0.984268276762402,0.9864864864864865,0.3768844221105528,0.4527067221891731,0.6886792452830188
,0.0,0.13333333333333333,,,0.8888888888888888,,0.6861365235749473,0.641925777331996,,0.2972972972972973,,0.39190957763236167,0.6933962264150944
0.96,,0.13333333333333333,0.8706896551724138,0.05,,,0.633356790992259,,0.14676892950391643,,0.40452261306532666,0.34354550862581795,0.5566037735849056
,0.064,,0.8620689655172413,0.05,,0.16666666666666666,0.6688951442646024,,,1.0,0.592964824120603,0.4580606781677573,0.6556603773584906
,,0.13333333333333333,,0.1,0.8666666666666667,,0.6591836734693878,0.9048144433299898,1.0,1.0,,,0.6556603773584906
,0.064,0.13333333333333333,,0.025,0.8666666666666667,0.16666666666666666,0.6565798733286418,,1.0,1.0,0.592964824120603,0.4580606781677573,0.6556603773584906
,0.064,0.13333333333333333,0.8620689655172413,,,0.16666666666666666,0.6608374384236454,,1.0,1.0,0.592964824120603,0.4580606781677573,0.6556603773584906
,0.0896,0.18666666666666665,0.8620689655172413,0.017499999999999998,0.8666666666666667,0.16666666666666666,,0.8187562688064192,0.5053654264577894,0.5540540540540541,0.4020100502512563,,0.6886792452830188
,0.0896,0.18666666666666665,0.8620689655172413,0.034999999999999996,0.8666666666666667,0.16666666666666666,0.6893384940182969,0.8368104312938817,0.5053654264577894,0.5540540540540541,0.4020100502512563,0.3879238548483046,0.6886792452830188
0.888,0.0896,,0.8620689655172413,0.05,0.8666666666666667,0.16666666666666666,0.6858902181562281,0.8300902708124374,,0.5540540540540541,0.4020100502512563,0.3879238548483046,
,,,0.9051724137931034,0.25,0.8333333333333334,0.25,0.7132301196340605,0.6966900702106318,0.14676892950391643,,0.40452261306532666,0.34354550862581795,0.5566037735849056
,,0.23333333333333334,0.9051724137931034,,0.8333333333333334,0.3333333333333333,,,0.14676892950391643,0.17567567567567569,,0.34354550862581795,0.5566037735849056
0.8,0.16,0.3333333333333333,0.9051724137931034,,0.9444444444444444,0.25,0.6434201266713583,0.967001003009027,0.48360449303742387,0.527027027027027,0.3065326633165829,0.35693039857227843,
0.8,0.16,0.3333333333333333,0.9051724137931034,,,,,0.9462387161484453,,0.527027027027027,0.3065326633165829,0.35693039857227843,
0.8,0.16,,,,0.9444444444444444,0.25,0.6387755102040816,0.9099297893681043,0.48360449303742387,0.527027027027027,,0.35693039857227843,1.0
0.8,0.16,,0.9051724137931034,0.025,,0.25,0.6627726952850106,0.9481444332998997,,0.527027027027027,0.3065326633165829,0.35693039857227843,1.0
0.8,0.16,0.3333333333333333,0.9051724137931034,0.05,0.9444444444444444,0.25,0.6517945109078115,0.9271815446339017,0.48360449303742387,0.527027027027027,0.3065326633165829,0.35693039857227843,
,0.16,0.3333333333333333,,,0.9444444444444444,,,0.8723169508525577,0.48360449303742387,0.527027027027027,0.3065326633165829,0.35693039857227843,1.0
0.9,0.16,,0.9051724137931034,0.025,0.8555555555555555,0.3333333333333333,0.6400422237860662,0.7061183550651956,0.5053654264577894,0.5540540540540541,0.4020100502512563,0.3879238548483046,0.6886792452830188
,0.16,,0.9051724137931034,,,0.3333333333333333,0.6636171710063336,,0.5053654264577894,0.5540540540540541,0.4020100502512563,0.3879238548483046,0.6886792452830188
0.9,0.16,0.0,0.9051724137931034,0.1,0.8555555555555555,0.3333333333333333,0.5967628430682618,,0.5053654264577894,0.5540540540540541,0.4020100502512563,0.3879238548483046,0.6886792452830188
1.0,0.0,,0.8879310344827587,,,,0.7104152005629839,0.6897693079237712,0.14676892950391643,0.17567567567567569,0.40452261306532666,0.34354550862581795,0.5566037735849056
1.0,0.0,0.0,0.8879310344827587,0.25,,,0.7012667135819846,,0.14676892950391643,0.17567567567567569,0.40452261306532666,0.34354550862581795,
1.0,,0.0,0.8879310344827587,0.35,0.8111111111111111,0.26666666666666666,0.6488388458831809,0.7917753259779338,0.14676892950391643,0.17567567567567569,0.40452261306532666,,0.5566037735849056
0.9,0.16,0.0,,0.05,0.8,0.2,0.6337790288529205,0.8915747241725175,1.0,,,0.4580606781677573,0.6556603773584906
0.9,0.16,0.0,0.8879310344827587,0.05,,0.2,0.6266361717100634,,0.13220735422106178,0.16216216216216217,0.3291457286432161,0.43884592504461634,0.6839622641509434
0.94,,0.13333333333333333,0.9051724137931034,0.1,0.8333333333333334,0.3333333333333333,0.6815622800844475,0.4223671013039117,,0.17567567567567569,0.40452261306532666,0.34354550862581795,0.5566037735849056
0.95,0.0,0.16666666666666666,0.896551724137931,,0.8444444444444444,0.16666666666666666,0.7155911330049262,0.7752256770310934,0.5219212358572672,0.5675675675675675,0.542713567839196,0.40707911957168347,0.6556603773584906
,0.0,,0.896551724137931,0.05,0.8444444444444444,,0.7017522871217452,,0.5219212358572672,0.5675675675675675,0.542713567839196,0.40707911957168347,0.6556603773584906
0.95,,,,0.075,0.8444444444444444,,0.6171463757916961,0.7865596790371113,0.5219212358572672,0.5675675675675675,0.542713567839196,0.40707911957168347,0.6556603773584906
0.815,0.0,,0.9051724137931034,,0.8333333333333334,,0.6172413793103448,,0.14676892950391643,0.17567567567567569,,0.34354550862581795,0.5566037735849056
,0.16,,0.896551724137931,0.125,0.8333333333333334,0.2,0.6044334975369459,0.950852557673019,,0.2972972972972973,0.3869346733668342,,0.6933962264150944
0.9,0.08,,,0.025,0.8333333333333334,,0.757213230119634,,,0.17567567567567569,0.40452261306532666,,0.5566037735849056
0.9,,0.16666666666666666,0.8706896551724138,,0.8333333333333334,,0.7441942294159043,0.905717151454363,,,0.40452261306532666,0.34354550862581795,0.5566037735849056
0.9,0.08,0.16666666666666666,0.8706896551724138,,0.8333333333333334,0.4666666666666667,0.7420830401125968,0.9348044132397192,,0.17567567567567569,0.40452261306532666,0.34354550862581795,0.5566037735849056
0.9,0.08,0.16666666666666666,0.8706896551724138,0.15,0.8333333333333334,0.4666666666666667,0.6977480647431387,0.8676028084252758,0.14676892950391643,0.17567567567567569,0.40452261306532666,,0.5566037735849056
,0.08,0.16666666666666666,,,0.8333333333333334,0.4666666666666667,0.6358198451794511,0.8746238716148446,0.14676892950391643,0.17567567567567569,,0.34354550862581795,
0.9,0.16,0.0,0.8879310344827587,0.05,0.8888888888888888,0.2,,0.9027081243731193,0.2603731505657093,,0.3869346733668342,0.39190957763236167,0.6933962264150944
,0.16,,,0.1,0.8888888888888888,0.2,0.6325475017593245,0.9528585757271815,0.2603731505657093,,0.3869346733668342,0.39190957763236167,0.6933962264150944
0.9,0.16,0.0,0.8879310344827587,,0.8888888888888888,0.2,0.6000000000000001,0.9628886659979939,0.2603731505657093,0.2972972972972973,0.3869346733668342,0.39190957763236167,0.6933962264150944
0.9,0.16,0.0,,0.05,0.8888888888888888,0.2,,0.8696088264794383,,0.5405405405405406,0.3341708542713568,0.38078524687685905,
0.9,0.16,,,0.1,,0.2,0.634588318085855,,,0.5405405405405406,,0.38078524687685905,0.7547169811320755
0.9,0.16,0.0,0.8879310344827587,0.25,0.8888888888888888,0.2,0.5552427867698805,0.7542627883650953,0.49621409921671017,0.5405405405405406,,,
0.9,0.16,0.0,,,0.8888888888888888,0.2,0.6755805770584096,,,,0.32663316582914576,,0.75
,,0.0,0.8879310344827587,,,0.2,,0.9087261785356068,,,0.32663316582914576,0.39173111243307557,
,0.16,0.0,0.8879310344827587,,0.8888888888888888,0.2,0.5776213933849402,,0.9708986074847694,0.972972972972973,0.32663316582914576,0.39173111243307557,0.75
0.95,,0.0,0.9051724137931034,0.05,0.8111111111111111,0.26666666666666666,,0.8906720160481444,,0.17567567567567569,0.40452261306532666,0.34354550862581795,0.5566037735849056
0.95,,0.0,0.9051724137931034,0.15,0.8111111111111111,,0.7163969035890219,0.9438314944834503,0.14676892950391643,,0.40452261306532666,0.34354550862581795,0.5566037735849056
0.95,,0.0,0.9051724137931034,,0.8111111111111111,,,,0.14676892950391643,0.17567567567567569,0.40452261306532666,,0.5566037735849056
,0.08,0.16666666666666666,0.8706896551724138,0.015,,,0.8268824771287826,0.8816449348044133,0.6457245430809399,,0.4924623115577889,0.4215348007138608,
0.9,0.0,0.3333333333333333,0.8706896551724138,0.075,,0.16666666666666666,,,0.14676892950391643,0.17567567567567569,0.40452261306532666,0.34354550862581795,
,,0.13333333333333333,0.8706896551724138,0.05,,,0.7682266009852218,0.8124373119358074,0.14676892950391643,0.17567567567567569,0.40452261306532666,,0.5566037735849056
1.0,0.0,0.0,0.8706896551724138,,,0.16666666666666666,0.8022519352568614,0.905717151454363,,1.0,0.592964824120603,,0.6556603773584906
1.0,0.0,0.0,0.8706896551724138,0.075,0.8777777777777778,0.16666666666666666,0.7202674173117523,0.9378134403209628,1.0,,0.592964824120603,0.4580606781677573,
1.0,0.0,0.0,0.8706896551724138,0.1,0.9,0.16666666666666666,0.6882477128782547,0.9578736208625878,1.0,1.0,,,0.6556603773584906
,0.0,0.0,,0.025,,0.16666666666666666,0.8114707952146376,,0.49621409921671017,,,,0.7547169811320755
,0.0,0.13333333333333333,0.8706896551724138,0.05,0.7777777777777778,0.16666666666666666,0.7739408866995074,0.8054162487462386,0.14676892950391643,0.17567567567567569,0.40452261306532666,,
,0.0,0.13333333333333333,0.8706896551724138,0.025,,0.16666666666666666,0.7981034482758621,0.8625877632898696,0.5219212358572672,0.5675675675675675,,,0.6556603773584906
0.96,,,0.8706896551724138,,0.7777777777777778,0.16666666666666666,,,0.5219212358572672,0.5675675675675675,,,0.6556603773584906
,0.0,,0.8706896551724138,0.075,0.7777777777777778,0.16666666666666666,0.7484693877551021,,0.5219212358572672,0.5675675675675675,,0.40707911957168347,0.6556603773584906
,0.0,0.13333333333333333,0.8706896551724138,,0.7777777777777778,0.16666666666666666,0.6792364532019705,,0.5219212358572672,0.5675675675675675,,0.40707911957168347,0.6556603773584906
,,0.13333333333333333,0.8706896551724138,0.05,0.8333333333333334,0.16666666666666666,0.7460591133004927,0.7923771313941825,0.14676892950391643,0.17567567567567569,0.40452261306532666,0.34354550862581795,0.5566037735849056
0.92,,0.13333333333333333,0.8706896551724138,0.15,0.8333333333333334,0.16666666666666666,0.7139690358902182,0.8625877632898696,,0.17567567567567569,0.40452261306532666,0.34354550862581795,0.5566037735849056
0.92,0.064,0.13333333333333333,0.8706896551724138,0.25,0.8333333333333334,,,,0.14676892950391643,,,0.34354550862581795,0.5566037735849056
,0.0,,,,0.8333333333333334,,,,0.14676892950391643,,,,0.5566037735849056
0.8,,0.5,0.9913793103448276,,,0.25,0.6988036593947924,0.8385155466399197,0.14676892950391643,,0.40452261306532666,,0.5566037735849056
